age_kyr_bp,co2_ppm
0.0,313.7
0.001,309.7
0.002,311.6
0.003,310.4
0.003,312.9
0.004,312.0
0.004,312.6
0.005,310.2
0.005,310.4
0.005,311.3
0.005,311.8
0.006,312.4
0.008,311.9
0.008,312.4
0.008,312.8
0.009,307.7
0.009,311.8
0.01,309.8
0.01,310.9
0.011,310.5
0.011,311.2
0.012,308.5
0.012,311.5
0.012,311.9
0.012,312.3
0.013,307.4
0.014,307.3
0.014,309.3
0.015,306.3
0.016,307.1
0.016,309.6
0.017,305.9
0.017,308.3
0.018,308.3
0.019,305.7
0.021,305.4
0.021,305.7
0.021,305.8
0.022,305.7
0.022,308.0
0.025,304.7
0.025,305.0
0.027,303.2
0.027,306.2
0.03,301.9
0.031,304.6
0.032,303.9
0.034,301.9
0.036,300.7
0.037,301.3
0.039,297.7
0.039,298.1
0.039,299.3
0.04,297.9
0.041,301.5
0.044,297.3
0.044,299.6
0.045,299.0
0.046,296.0
0.048,295.6
0.05,294.2
0.051,295.3
0.051,297.1
0.056,293.2
0.056,293.8
0.057,294.9
0.057,295.3
0.058,295.2
0.06,290.9
0.061,292.3
0.063,294.3
0.064,288.1
0.066,289.2
0.066,289.8
0.067,292.5
0.07,287.8
0.073,289.3
0.076,291.6
0.077,286.7
0.08,286.3
0.08,288.0
0.082,288.0
0.082,289.5
0.083,285.1
0.086,286.6
0.087,285.4
0.088,287.2
0.091,286.6
0.093,283.2
0.095,285.6
0.096,288.1
0.099,285.5
0.099,288.8
0.1,284.0
0.103,286.8
0.104,283.6
0.105,283.2
0.106,283.5
0.107,281.6
0.109,283.6
0.113,284.1
0.117,283.8
0.117,285.1
0.123,285.9
0.125,281.4
0.136,284.4
0.151,282.8
0.154,280.4
0.154,282.3
0.156,281.6
0.17,273.1
0.171,280.2
0.177,277.9
0.186,276.4
0.187,277.2
0.198,276.5
0.198,278.0
0.201,277.6
0.209,276.8
0.216,278.3
0.227,277.0
0.227,278.3
0.256,277.4
0.26,276.3
0.268,276.7
0.301,278.0
0.31,276.7
0.321,273.8
0.341,271.1
0.347,275.1
0.359,279.4
0.362,281.1
0.377,282.6
0.39,281.8
0.4,283.5
0.42,283.9
0.448,283.1
0.481,280.3
0.501,282.2
0.521,279.7
0.539,279.7
0.56,280.9
0.601,278.4
0.62,284.1
0.643,281.6
0.672,278.4
0.69,282.2
0.699,282.4
0.739,283.7
0.75,284.5
0.784,284.0
0.804,284.5
0.834,282.8
0.851,283.1
0.88,282.8
0.901,281.0
0.91,280.9
0.931,280.1
0.932,279.8
0.967,278.7
0.992,277.4
1.036,280.1
1.075,279.4
1.128,278.6
1.157,279.7
1.188,279.3
1.22,280.0
1.249,277.1
1.281,278.4
1.313,279.6
1.335,277.9
1.368,276.2
1.393,278.5
1.398,276.6
1.432,276.8
1.462,277.1
1.513,280.0
1.544,279.1
1.566,277.2
1.593,277.8
1.632,281.7
1.654,280.9
1.676,280.2
1.684,278.3
1.709,280.2
1.775,277.6
1.796,278.1
1.814,278.1
1.846,277.5
1.894,277.4
1.92,277.9
1.949,276.7
2.0,278.0
2.093,276.9
2.234,276.7
2.266,276.7
2.414,277.6
2.526,277.9
2.628,273.9
2.708,278.9
2.802,275.3
2.905,274.7
2.949,276.3
3.057,274.6
3.256,276.3
3.284,273.1
3.431,274.0
3.528,275.0
3.644,273.4
3.693,273.0
3.807,271.5
3.856,275.4
3.969,274.9
4.109,271.7
4.206,271.6
4.275,272.8
4.343,271.5
4.494,271.1
4.593,269.1
4.647,269.8
4.773,271.5
4.921,270.7
4.982,269.3
5.087,268.6
5.219,269.8
5.311,267.6
5.358,265.3
5.533,265.2
5.581,267.6
5.758,265.9
5.852,265.5
5.934,260.7
5.999,266.7
6.09,265.5
6.302,263.2
6.337,262.7
6.401,261.2
6.572,261.1
6.683,259.4
6.77,262.1
6.88,262.9
6.97,258.1
7.038,257.6
7.188,262.3
7.274,263.0
7.405,260.7
7.498,258.4
7.661,260.1
7.72,260.4
7.86,259.7
7.926,259.2
7.976,260.8
8.116,259.6
8.195,259.3
8.352,258.3
8.46,261.3
8.547,260.7
8.711,261.8
8.781,259.0
8.912,260.9
8.993,260.4
9.06,259.3
9.143,262.0
9.295,263.7
9.361,263.8
9.437,265.2
9.518,260.6
9.524,260.9
9.556,263.0
9.573,263.8
9.901,264.4
9.993,264.2
10.134,264.0
10.193,263.4
10.3,265.7
10.367,264.9
10.506,267.5
10.68,266.9
10.802,266.0
10.836,265.1
10.954,267.6
11.09,264.8
11.161,264.8
11.186,265.0
11.201,265.3
11.257,264.4
11.317,264.1
11.339,264.8
11.383,264.8
11.4,268.2
11.417,264.5
11.436,270.1
11.453,268.9
11.473,269.1
11.49,267.2
11.507,267.7
11.524,269.5
11.544,266.9
11.56,262.7
11.576,267.1
11.592,260.7
11.611,261.3
11.629,266.2
11.648,257.1
11.665,247.6
11.683,254.6
11.701,254.0
11.72,256.0
11.741,255.9
11.759,258.7
11.781,258.2
11.803,258.5
11.82,257.2
11.843,254.3
11.863,253.6
11.883,251.6
11.905,255.9
11.927,258.6
11.948,248.9
11.97,254.0
11.991,255.4
12.016,247.8
12.037,248.4
12.059,253.1
12.08,251.0
12.105,255.7
12.125,253.0
12.146,251.1
12.168,251.4
12.19,251.0
12.211,249.7
12.233,249.2
12.256,248.9
12.281,249.4
12.301,248.9
12.321,250.7
12.343,247.0
12.365,244.3
12.388,243.0
12.409,246.4
12.432,247.7
12.455,245.8
12.475,246.2
12.496,244.4
12.521,246.7
12.544,249.9
12.565,244.3
12.587,247.0
12.608,248.1
12.63,246.9
12.654,243.9
12.674,242.5
12.697,244.2
12.72,241.6
12.74,247.3
12.763,240.0
12.786,241.5
12.809,242.2
12.83,242.2
12.853,239.3
12.874,241.2
12.893,239.4
12.917,238.8
12.939,238.2
12.96,240.7
12.981,237.2
13.001,239.4
13.022,234.7
13.044,238.9
13.067,237.9
13.088,241.6
13.128,234.8
13.173,236.9
13.216,239.4
13.267,240.4
13.304,236.9
13.418,237.8
13.487,240.2
13.532,235.8
13.601,243.9
13.645,238.6
13.713,241.6
13.759,241.1
13.827,239.1
13.872,237.9
13.94,240.6
14.002,235.9
14.023,237.9
14.06,241.3
14.084,232.9
14.12,236.4
14.157,239.2
14.18,239.4
14.206,238.4
14.237,236.6
14.273,240.2
14.299,239.0
14.309,235.8
14.343,242.1
14.354,238.4
14.375,240.3
14.411,242.6
14.422,242.6
14.443,240.9
14.464,238.6
14.497,242.1
14.521,241.1
14.531,243.2
14.542,235.8
14.553,241.7
14.564,239.9
14.576,239.8
14.586,238.0
14.595,235.3
14.606,237.6
14.619,238.0
14.63,240.1
14.645,238.1
14.652,234.6
14.664,233.4
14.675,234.3
14.686,237.5
14.697,228.9
14.707,228.2
14.718,230.5
14.731,234.5
14.743,231.5
14.759,227.9
14.763,224.6
14.776,227.4
14.788,227.8
14.799,228.5
14.811,227.6
14.822,226.5
14.835,228.4
14.845,227.9
14.858,233.2
14.869,232.2
14.881,227.8
14.892,230.6
14.904,228.7
14.916,228.4
14.929,228.5
14.954,228.9
14.976,229.8
14.987,227.7
15.011,228.4
15.035,225.4
15.073,229.0
15.096,234.5
15.134,229.7
15.157,228.8
15.181,227.8
15.219,230.2
15.243,228.3
15.281,225.8
15.321,227.6
15.345,228.9
15.383,225.4
15.41,224.7
15.463,223.3
15.546,223.5
15.649,222.8
15.705,222.2
15.768,224.9
15.845,222.4
15.92,223.5
15.937,223.8
15.995,223.7
15.999,224.4
16.015,222.4
16.034,224.5
16.083,224.2
16.114,222.4
16.151,224.9
16.167,226.2
16.187,221.5
16.209,227.3
16.223,223.2
16.241,220.5
16.261,218.6
16.279,214.2
16.297,212.8
16.317,214.6
16.337,212.4
16.354,214.8
16.375,211.2
16.392,209.5
16.411,212.9
16.431,211.8
16.458,217.2
16.472,213.9
16.51,207.9
16.554,208.7
16.59,208.5
16.656,213.2
16.734,210.2
16.798,205.5
16.869,205.2
16.929,202.9
16.995,204.3
17.092,202.1
17.164,198.6
17.236,198.3
17.288,195.9
17.312,194.7
17.36,190.5
17.385,193.0
17.41,191.9
17.435,190.8
17.461,193.0
17.485,191.5
17.511,191.6
17.535,192.4
17.561,192.6
17.586,197.0
17.612,195.8
17.638,193.2
17.665,194.4
17.691,191.5
17.717,189.5
17.744,190.4
17.77,191.7
17.798,187.2
17.825,191.2
17.855,189.5
17.881,190.3
17.907,191.7
17.936,188.5
17.966,188.7
17.992,189.0
18.024,187.8
18.05,187.7
18.082,188.6
18.111,188.6
18.14,184.9
18.173,189.0
18.202,185.7
18.232,188.9
18.265,188.5
18.296,189.0
18.324,187.1
18.36,188.7
18.391,188.2
18.422,188.5
18.458,187.4
18.487,187.1
18.52,187.7
18.583,188.6
18.677,193.9
18.747,191.3
18.804,193.0
18.835,188.4
18.867,188.5
18.994,192.7
19.153,191.1
19.282,191.6
19.443,191.5
19.568,188.9
19.629,191.4
19.791,193.6
19.884,196.1
20.019,193.7
20.213,190.5
20.408,190.0
20.537,193.9
20.666,187.8
20.828,192.7
20.964,190.9
21.068,188.4
21.213,190.1
21.345,187.2
21.563,185.2
21.791,188.0
21.914,190.8
22.056,187.4
22.231,191.3
22.292,187.2
22.348,187.0
22.55,184.7
22.604,185.2
22.651,188.5
22.749,190.0
22.834,186.1
22.994,189.4
23.014,190.5
23.107,190.1
23.185,188.6
23.277,197.7
23.358,193.5
23.445,186.8
23.601,188.0
23.874,183.1
24.078,184.7
24.27,186.7
24.644,180.6
25.164,180.7
25.351,182.7
25.544,183.4
25.786,186.5
26.016,184.5
26.255,184.6
26.315,183.8
26.461,186.0
26.537,185.5
26.704,185.4
26.858,186.4
26.955,188.1
27.042,187.4
27.085,186.3
27.17,194.9
27.28,190.1
27.442,191.9
27.503,191.2
27.55,191.5
27.586,191.9
27.661,191.5
27.687,192.7
27.714,190.6
27.719,189.3
27.821,187.6
27.866,190.6
27.885,189.3
27.927,189.0
27.973,189.3
28.097,190.0
28.214,191.8
28.272,191.6
28.37,192.6
28.414,189.2
28.427,189.7
28.577,193.1
28.626,192.8
28.724,193.8
28.842,193.9
28.903,192.7
28.949,193.3
29.009,192.9
29.151,192.3
29.205,188.1
29.25,192.4
29.324,191.0
29.366,189.8
29.41,189.2
29.609,189.2
29.681,189.8
29.743,191.3
29.838,191.0
29.952,191.4
29.999,191.6
30.102,188.2
30.182,188.5
30.278,186.5
30.313,186.0
30.401,184.3
30.529,182.9
30.713,187.1
30.776,190.3
31.105,188.0
31.356,188.5
31.524,189.9
31.792,193.7
31.818,192.9
31.934,192.5
32.027,193.3
32.08,193.9
32.148,196.4
32.151,196.9
32.308,192.5
32.361,195.2
32.435,194.1
32.511,194.6
32.595,194.4
32.678,195.1
32.714,195.9
32.813,199.3
32.881,196.7
33.009,196.3
33.148,197.7
33.417,196.9
33.491,197.1
33.555,197.8
33.758,200.0
33.841,195.6
33.886,195.3
33.907,194.5
33.926,194.5
33.957,196.5
33.992,195.4
34.064,195.9
34.19,194.9
34.251,195.8
34.313,196.3
34.334,196.2
34.557,199.7
34.603,199.5
34.62,200.3
34.648,198.9
34.711,197.2
34.826,202.8
34.867,203.1
35.09,198.8
35.166,203.6
35.282,205.4
35.337,204.5
35.359,203.6
35.383,201.4
35.446,200.3
35.497,201.1
35.508,202.0
35.531,201.9
35.568,201.8
35.672,201.8
35.702,200.5
35.855,203.3
35.948,198.8
36.087,204.1
36.173,201.8
36.262,200.1
36.506,199.0
36.592,205.1
36.67,203.8
36.713,203.8
36.82,202.8
36.94,203.5
37.023,206.4
37.119,210.2
37.143,207.3
37.297,208.2
37.302,209.7
37.338,206.6
37.431,212.5
37.461,209.8
37.619,214.3
37.648,212.1
37.777,212.1
37.895,214.2
38.0,211.2
38.089,214.4
38.166,208.3
38.192,206.5
38.284,207.4
38.359,208.0
38.413,210.8
38.473,207.2
38.533,210.1
38.574,208.2
38.622,204.8
38.671,204.5
38.723,206.5
38.813,206.1
38.875,205.7
38.956,206.0
38.977,202.3
39.054,204.3
39.12,207.3
39.266,208.7
39.303,209.5
39.32,209.3
39.34,207.9
39.379,204.8
39.403,191.5
39.454,198.1
39.515,200.4
39.621,195.7
39.709,196.7
39.757,193.6
39.885,193.9
39.901,197.6
40.043,192.6
40.112,193.1
40.145,193.7
40.308,197.9
40.486,201.3
40.553,201.5
40.754,200.5
40.907,201.0
41.168,201.5
41.304,204.2
41.606,205.5
41.759,201.1
41.901,199.9
42.316,200.9
42.628,204.8
42.85,206.3
42.968,204.3
43.172,203.2
43.351,201.7
43.516,204.2
43.661,203.2
43.809,201.7
44.095,204.3
44.204,202.0
44.35,206.2
44.49,204.8
44.656,212.3
44.816,210.4
44.996,211.5
45.142,207.9
45.28,213.9
45.46,214.5
45.696,217.5
45.877,222.7
46.057,221.8
46.181,219.2
46.309,218.3
46.636,216.4
46.746,214.2
46.888,210.8
47.086,210.3
47.315,207.6
47.524,204.3
47.71,203.8
47.944,205.7
48.223,206.2
48.428,201.0
48.988,201.6
49.303,200.1
49.463,204.1
49.728,203.9
50.007,204.4
50.221,206.7
50.527,207.4
51.029,207.6
51.431,211.6
51.78,215.1
52.087,213.8
52.385,219.1
52.574,220.7
52.801,221.2
53.108,223.7
53.4,223.3
53.806,221.1
54.157,220.4
54.387,218.0
54.695,213.9
55.014,216.9
55.293,208.2
55.553,214.8
55.91,210.3
56.237,207.7
56.504,212.4
57.211,215.7
57.476,217.4
57.844,223.7
58.217,224.3
58.433,223.2
59.105,231.3
59.38,226.3
59.733,223.4
60.11,216.7
60.373,212.9
60.517,217.2
60.818,213.8
61.061,207.9
61.235,210.6
61.554,210.9
61.901,206.4
62.552,202.6
62.775,202.7
62.961,200.2
63.556,197.4
63.897,197.2
64.114,199.7
64.657,203.7
64.867,201.7
65.047,199.2
65.546,209.0
65.765,198.2
65.937,200.6
66.439,204.4
66.96,207.2
67.315,201.1
67.73,203.8
68.146,200.2
68.62,203.4
69.082,205.4
69.592,211.3
70.052,215.6
70.427,220.3
70.929,225.2
71.279,235.0
71.694,237.6
72.093,239.5
72.49,232.8
72.866,232.3
73.219,230.9
73.751,232.7
74.221,231.3
74.526,241.2
75.068,243.3
75.545,249.5
75.851,249.9
76.247,239.3
76.697,238.0
77.056,231.7
77.616,224.9
78.081,226.7
78.508,224.1
78.97,227.3
79.41,229.3
79.878,234.7
80.33,230.6
80.722,233.9
81.207,230.3
81.711,234.1
82.069,238.9
82.527,240.9
82.988,246.3
83.554,247.1
83.941,250.8
84.357,243.2
84.937,238.4
85.367,234.7
85.891,228.8
86.498,223.4
87.028,221.1
87.581,223.6
88.136,217.8
88.701,224.0
89.245,227.4
89.696,228.9
90.317,229.7
90.834,231.6
91.445,231.1
91.95,233.7
92.668,232.5
93.425,235.2
93.823,238.2
94.569,242.4
95.234,242.9
95.921,246.2
96.475,245.8
97.271,242.3
97.927,239.9
98.584,243.2
99.361,243.0
100.077,245.6
100.543,247.9
101.326,244.8
101.972,240.1
102.765,237.1
103.309,240.7
104.274,247.8
104.331,238.9
104.966,242.4
105.507,248.8
105.99,257.6
106.256,241.4
106.368,244.8
106.975,240.3
108.402,236.4
109.129,244.4
109.84,244.1
110.555,246.7
111.877,257.9
112.636,256.8
112.942,263.1
113.119,264.8
113.679,260.6
114.25,267.9
114.815,275.1
115.447,277.0
115.909,273.2
116.476,273.6
117.186,274.0
117.619,275.0
118.658,277.7
119.243,267.7
119.716,274.6
120.144,268.7
120.543,276.8
121.426,279.5
121.842,276.6
122.1,278.2
122.292,279.0
123.014,279.2
123.631,274.6
123.959,275.9
124.405,281.5
124.817,275.5
125.293,276.8
126.014,275.1
126.7,273.0
126.962,274.9
127.314,275.8
127.504,276.9
128.024,276.0
128.173,280.7
128.467,285.8
128.878,271.1
129.078,268.4
129.656,260.6
130.373,251.8
130.818,250.8
131.322,241.1
131.976,232.3
132.71,228.0
132.932,224.6
133.776,222.7
134.522,212.4
136.566,203.7
137.763,199.2
138.834,198.6
139.95,192.8
142.361,196.5
143.651,194.6
144.8,196.0
146.108,193.6
148.233,195.8
149.466,201.8
150.595,202.5
151.445,202.3
153.775,198.8
154.889,196.3
156.307,189.4
158.666,189.0
159.716,185.5
160.155,187.5
163.858,204.3
164.335,196.5
166.143,191.6
166.784,190.1
167.914,186.7
168.745,183.8
169.514,196.6
171.939,197.8
174.442,197.7
175.833,196.0
176.853,190.3
177.534,189.4
177.73,190.1
179.873,207.7
181.302,213.2
182.196,217.7
183.258,198.1
184.371,199.7
186.411,203.4
188.437,210.7
189.806,231.3
191.255,231.4
191.964,220.3
193.075,218.0
195.126,226.5
195.799,220.0
197.587,226.4
198.327,241.2
198.938,242.6
201.752,250.9
202.744,239.1
203.842,247.6
205.203,244.4
205.576,231.9
205.945,232.2
206.36,228.6
206.897,226.3
207.24,229.4
207.623,231.4
208.109,238.1
208.275,237.2
208.822,230.0
209.082,240.5
209.445,242.2
209.966,244.6
210.175,243.9
210.832,247.2
211.058,252.0
211.578,246.9
212.079,239.5
212.533,257.4
213.33,243.4
214.159,251.2
215.081,241.4
215.912,240.3
216.306,242.6
216.865,247.5
217.416,251.7
217.695,251.1
218.201,245.3
219.068,240.5
220.936,214.1
221.697,216.1
222.54,207.1
223.129,208.8
224.272,205.6
226.26,203.3
226.85,215.7
227.72,235.5
228.439,234.5
228.767,233.1
229.572,224.5
231.13,232.4
232.192,233.9
232.856,241.6
235.991,245.2
236.426,252.1
236.851,241.4
237.392,247.4
237.906,243.1
238.425,239.1
239.008,245.6
239.387,245.8
239.739,247.4
240.19,252.8
241.333,259.7
241.855,263.2
242.685,279.0
243.139,280.2
244.122,263.7
244.582,252.3
245.057,249.9
245.564,236.7
246.189,230.4
246.87,219.4
249.1,214.7
251.391,200.2
252.132,213.9
252.954,195.4
253.757,196.7
254.587,195.4
256.299,199.0
257.061,201.9
257.908,204.0
259.397,203.9
260.894,209.6
261.294,205.7
262.055,208.9
262.817,214.6
264.584,228.1
266.134,199.9
267.007,211.7
268.258,188.7
268.995,187.2
269.94,194.2
271.036,198.8
272.15,184.7
273.166,190.4
274.164,193.9
275.155,194.1
276.258,198.4
277.443,193.2
278.591,202.2
279.619,204.5
280.559,211.0
281.401,215.3
282.593,223.7
284.435,231.3
285.931,228.0
286.61,226.4
287.444,231.4
287.82,230.4
288.286,231.0
290.185,234.9
290.864,220.4
291.563,217.1
292.818,207.6
293.651,206.0
294.455,206.7
295.364,212.7
296.829,213.1
298.705,217.1
299.376,224.4
300.116,231.0
301.026,236.1
302.084,239.0
303.116,236.0
304.101,240.2
305.1,240.7
305.778,250.2
306.581,248.6
307.463,244.8
308.326,225.8
309.424,227.8
310.011,226.2
310.776,233.2
311.67,237.8
312.593,239.0
313.343,241.9
314.052,251.6
314.836,256.7
315.658,257.1
316.451,246.8
317.15,272.6
317.933,251.6
318.853,245.2
319.83,233.4
320.916,255.8
321.817,249.2
323.383,257.2
324.167,260.4
325.007,260.3
325.823,260.5
326.591,266.2
327.436,264.0
328.087,266.1
328.771,270.1
329.414,271.9
330.053,275.1
331.294,265.0
332.144,271.7
332.799,272.6
333.5,273.1
333.998,282.4
334.349,289.1
334.544,288.4
335.102,298.6
335.708,278.1
336.378,285.8
336.868,278.6
337.517,270.5
338.214,255.7
338.991,241.9
339.984,239.6
340.735,234.2
342.792,250.1
343.924,200.7
345.001,205.2
346.321,204.8
347.545,211.9
349.139,220.3
351.676,221.1
353.175,216.2
354.413,209.4
355.818,209.2
359.01,193.0
360.684,186.1
362.568,185.8
365.19,201.2
368.066,206.3
371.386,201.9
373.458,199.9
375.205,214.7
377.035,224.6
378.76,229.6
382.931,227.0
384.557,240.0
386.284,239.1
387.825,246.8
389.41,245.8
392.287,258.1
392.977,259.5
394.004,273.6
394.906,260.7
398.275,276.3
399.926,277.1
400.71,283.2
402.141,283.1
402.86,275.7
404.313,276.5
405.063,280.5
406.543,279.6
407.283,285.6
408.819,284.5
409.598,274.7
410.454,282.6
411.348,283.5
413.259,274.9
414.211,264.9
415.18,271.6
415.946,276.4
416.425,271.7
417.44,273.4
417.957,271.8
418.505,274.6
419.576,273.7
420.134,271.2
420.702,273.8
421.912,268.6
422.533,266.4
423.226,270.6
424.508,267.7
425.132,268.3
425.741,270.8
426.237,270.0
426.622,265.4
427.155,255.3
427.941,252.1
428.84,248.2
429.178,242.5
431.024,219.7
432.179,227.2
433.85,211.5
434.379,207.6
435.94,209.8
437.485,207.5
439.063,200.3
440.66,201.7
442.231,201.3
443.845,202.0
445.332,199.1
447.219,201.1
448.459,203.5
449.571,208.1
450.643,201.7
451.747,201.2
452.736,204.9
453.776,201.9
454.864,198.4
456.002,193.3
457.114,192.5
457.745,199.1
458.208,204.3
458.794,203.3
459.212,208.3
460.252,202.4
461.286,195.5
462.414,190.7
463.527,194.4
464.599,199.9
465.265,205.2
465.602,210.0
466.632,208.1
467.707,204.4
468.878,203.4
470.04,205.5
470.726,206.5
471.201,215.5
471.825,218.7
472.263,229.2
472.863,232.7
473.218,243.7
473.801,243.9
474.092,245.6
474.974,241.2
475.925,233.1
476.95,232.8
477.941,236.6
478.892,239.1
479.403,236.5
479.776,231.3
480.328,220.8
480.727,218.8
481.663,223.8
482.581,223.4
483.395,227.3
484.18,231.4
484.936,231.4
485.668,231.2
486.399,233.0
487.129,232.9
487.848,231.3
488.565,237.1
489.302,242.0
489.72,240.9
490.026,252.8
490.495,249.3
490.734,242.6
491.451,243.3
492.155,246.7
492.864,243.7
493.593,239.7
494.3,239.1
495.024,238.3
495.726,238.5
496.444,237.6
497.188,236.4
497.966,236.5
498.737,232.8
499.527,230.6
500.305,230.8
501.084,228.2
501.861,230.8
502.638,231.2
503.419,232.0
504.177,232.2
504.912,234.1
505.684,233.9
506.484,235.5
507.312,236.0
508.118,238.2
508.941,237.0
509.785,240.3
510.652,233.4
511.512,236.4
512.364,235.2
513.205,242.0
514.033,238.2
514.848,239.2
515.651,241.5
516.421,243.0
517.155,247.2
517.876,246.2
518.6,245.5
519.329,245.3
520.073,247.7
520.822,245.5
521.574,243.5
523.802,241.9
524.571,236.8
525.337,235.8
526.107,233.7
526.896,230.3
527.699,227.8
528.517,224.7
529.403,222.7
530.291,221.2
531.201,220.3
532.079,220.7
532.593,214.5
532.988,211.4
533.554,204.4
533.932,200.0
534.668,195.1
535.044,193.8
535.695,190.5
536.178,199.8
537.334,199.4
538.441,205.0
539.514,206.4
540.584,212.9
541.654,211.2
542.74,205.0
543.845,203.6
544.886,208.1
545.865,210.3
546.83,209.6
547.807,209.7
548.771,204.6
549.72,202.5
550.231,208.8
550.583,213.6
551.381,215.2
552.111,219.9
552.682,221.7
553.021,222.3
553.246,226.3
553.619,222.1
553.809,220.3
554.48,223.6
555.158,224.3
555.842,226.7
556.407,233.9
556.923,241.0
557.199,243.0
557.385,249.1
557.657,244.0
557.838,250.5
558.155,245.6
558.306,240.4
558.778,238.1
559.316,234.5
559.637,229.7
559.873,230.2
560.437,230.3
560.966,228.3
561.451,231.6
561.888,231.9
562.31,234.6
562.656,234.1
563.135,240.1
563.536,242.3
563.928,245.7
564.311,245.8
564.724,247.6
565.134,251.4
565.539,252.4
565.896,252.6
566.245,251.4
566.589,253.7
566.918,254.3
567.239,253.9
567.549,254.5
567.885,253.2
568.204,253.9
568.534,252.8
568.93,253.0
569.315,250.2
569.684,251.3
570.067,250.0
570.463,251.3
570.862,251.8
571.261,251.8
571.633,249.6
571.975,251.6
572.316,250.3
572.67,246.3
573.054,247.7
573.476,249.2
573.913,248.7
574.365,251.8
574.806,251.9
575.234,252.1
575.655,248.9
576.113,252.5
576.599,252.9
577.115,251.3
577.654,251.3
578.196,251.1
578.742,249.1
579.281,252.9
579.833,251.5
580.211,244.1
580.402,243.8
580.814,236.2
581.119,230.3
581.547,225.2
581.928,219.4
582.455,215.4
582.836,209.9
583.574,206.7
583.959,210.6
586.721,224.0
587.172,226.0
587.889,234.4
588.279,238.8
588.941,246.3
589.425,250.2
590.04,248.1
590.489,243.6
591.019,237.4
592.383,225.7
592.786,229.4
593.561,233.2
594.047,238.2
594.864,238.0
595.436,232.9
596.222,221.2
596.791,216.4
597.804,216.3
598.33,219.0
599.218,226.0
599.815,229.4
601.255,232.4
602.601,237.9
603.949,239.1
605.303,244.5
606.626,248.5
607.979,254.6
609.247,259.2
610.429,257.7
611.551,257.8
611.601,259.7
612.762,258.1
613.943,256.2
615.141,252.8
616.299,252.9
616.357,252.7
617.61,252.6
618.954,248.3
620.284,245.9
621.651,243.5
622.951,243.9
623.055,239.2
624.497,237.9
625.398,235.0
626.048,228.5
626.969,215.7
627.83,205.8
629.14,199.5
629.77,205.3
629.866,200.8
631.526,200.5
632.357,196.5
634.078,193.1
634.881,195.9
635.009,194.9
636.522,194.0
637.714,195.3
639.418,188.8
640.372,190.2
642.075,191.4
642.857,191.6
644.301,195.3
645.151,195.8
646.377,189.9
647.255,191.8
648.612,193.5
649.191,196.2
650.348,189.2
650.947,193.4
652.104,187.3
652.709,186.8
653.73,192.9
654.439,194.8
655.524,200.0
656.133,200.3
657.181,192.9
657.654,189.2
657.722,190.9
658.764,184.1
659.294,187.4
659.412,185.7
660.464,188.4
661.118,194.0
661.216,191.6
662.282,189.7
662.797,193.9
662.878,190.9
663.938,191.0
664.32,192.6
664.408,187.8
665.322,180.2
665.837,180.5
666.753,174.8
667.41,173.7
668.415,177.7
668.916,180.7
669.819,187.7
670.296,191.5
671.071,194.9
671.458,196.8
672.151,194.8
672.761,197.1
673.696,201.1
674.229,204.7
675.028,211.7
675.407,216.1
676.531,222.6
677.152,220.0
677.601,216.6
678.328,218.2
678.742,220.1
679.455,229.2
679.735,232.7
680.313,233.6
680.628,233.1
681.226,225.8
681.67,227.9
682.344,221.3
682.74,219.1
683.458,220.2
683.829,222.7
684.424,225.6
684.758,224.4
685.295,221.8
685.68,220.6
686.269,220.6
686.582,222.6
687.154,222.7
687.446,223.0
688.0,226.7
688.3,227.7
688.81,227.6
689.158,230.7
689.693,232.1
689.951,232.3
690.475,235.8
690.736,236.4
691.222,239.3
691.468,238.4
691.968,239.4
692.318,243.6
692.832,239.3
693.077,238.5
693.574,243.7
693.821,237.8
694.28,239.3
694.537,240.5
694.949,239.3
695.259,239.8
695.732,236.8
695.982,238.7
696.435,238.1
696.645,238.1
697.09,239.4
697.342,238.4
697.747,239.9
698.039,241.0
698.506,240.9
698.753,241.8
699.216,238.9
699.439,239.0
699.865,239.7
700.104,237.2
700.485,236.7
700.815,236.6
701.269,235.4
701.525,232.5
701.993,230.9
702.201,232.2
702.734,232.2
703.01,230.6
703.469,233.3
703.796,232.3
704.251,232.8
704.582,233.5
705.053,234.0
705.244,235.1
705.727,237.2
706.053,237.7
706.493,236.1
706.711,236.1
707.311,238.8
707.644,233.5
708.2,233.6
708.413,233.1
708.959,234.8
709.454,231.4
709.91,230.5
710.456,227.0
710.983,224.9
711.399,225.4
712.021,224.1
712.244,224.0
713.312,223.9
714.066,227.6
714.404,227.1
715.116,223.1
715.565,227.6
716.31,213.6
716.586,210.5
717.348,198.4
717.955,189.9
718.778,193.5
719.287,200.8
720.087,212.0
720.591,217.0
721.408,219.2
721.69,219.0
722.506,216.1
722.995,212.1
723.78,212.6
724.142,214.0
724.975,210.5
725.474,211.5
726.25,211.1
726.577,211.4
727.899,210.1
728.594,210.2
728.988,211.1
729.837,210.0
730.26,212.2
730.908,210.2
731.184,210.7
731.861,211.6
732.322,213.7
732.994,208.1
733.329,207.7
734.022,210.6
734.463,216.2
735.135,214.7
735.41,217.9
736.107,217.2
736.522,213.1
737.27,206.9
737.66,204.5
738.581,191.7
739.175,185.6
740.106,185.4
740.461,183.4
741.33,184.8
741.874,189.1
742.645,188.7
743.062,187.3
743.959,188.2
744.523,189.0
745.671,187.3
746.62,190.2
747.177,187.9
747.94,187.9
748.337,187.5
749.263,188.7
749.814,190.2
750.706,192.1
751.036,191.3
751.974,193.6
752.566,197.5
753.489,195.4
753.935,203.9
755.115,199.1
755.587,203.3
756.566,208.1
756.851,209.4
757.785,213.6
758.362,218.3
759.136,222.7
759.562,226.9
759.878,223.0
760.108,225.4
760.516,225.6
760.94,222.7
761.864,216.6
762.166,214.7
763.102,214.0
763.771,219.9
764.677,223.9
765.182,222.9
765.587,233.7
765.851,229.4
766.188,232.1
766.809,230.6
767.747,224.9
768.117,223.8
769.061,221.6
769.651,225.9
770.599,230.6
771.021,229.6
771.519,236.3
771.813,234.2
772.175,239.7
772.475,243.9
772.738,246.5
772.996,243.8
773.25,246.0
773.684,237.8
774.044,239.2
774.959,238.4
775.538,241.7
776.332,245.3
776.783,248.9
777.682,247.3
778.233,252.5
779.058,254.9
779.368,254.7
780.189,254.4
780.719,252.5
781.563,257.2
781.887,251.5
782.728,257.4
783.199,255.0
784.262,260.9
785.034,255.8
785.519,259.7
786.19,262.2
786.563,264.4
787.356,269.4
787.804,266.0
788.479,257.2
788.692,257.0
789.494,238.6
789.953,235.5
790.639,227.4
791.057,230.6
792.031,224.7
792.617,214.4
793.519,213.4
793.853,218.4
795.122,208.8
795.687,204.6
796.853,198.8
797.379,197.9
798.681,200.5
801.236,198.7
802.872,198.7
803.709,202.7
803.925,202.9
804.01,207.5
804.523,204.9
805.132,202.2
805.669,207.3
