age_kyr_bp,temp_anomaly_c
0.038,0.88
0.047,1.84
0.055,3.04
0.064,0.35
0.073,-0.42
0.082,0.05
0.091,0.05
0.1,-0.52
0.11,0.79
0.119,-0.55
0.129,-1.11
0.14,0.38
0.15,-0.4
0.161,1.05
0.171,0.28
0.181,-0.72
0.191,-1.23
0.202,0.51
0.212,-2.44
0.223,0.42
0.234,0.84
0.245,0.71
0.255,-0.02
0.267,-0.14
0.278,-1.41
0.289,-0.34
0.301,0.16
0.312,-1.22
0.324,-0.41
0.336,-0.59
0.347,0.03
0.359,-0.67
0.371,-0.9
0.383,-1.53
0.395,-0.47
0.407,-0.12
0.419,0.21
0.43,-1.73
0.442,0.16
0.454,0.14
0.466,-0.56
0.478,-0.8
0.49,0.42
0.503,-2.36
0.516,-0.85
0.529,-0.36
0.542,1.26
0.555,0.7
0.568,-0.77
0.581,1.4
0.594,-0.87
0.606,-0.81
0.619,1.46
0.632,0.98
0.645,0.27
0.658,-0.96
0.672,-0.61
0.687,-0.63
0.701,-0.49
0.715,-0.96
0.729,-1.44
0.744,-0.91
0.759,-0.1
0.772,-0.16
0.786,0.32
0.799,0.03
0.812,0.56
0.825,0.94
0.837,1.17
0.849,1.5
0.862,-1.03
0.875,0.59
0.889,-1.41
0.903,0.92
0.917,-1.03
0.932,-0.67
0.947,-0.55
0.961,-0.75
0.976,0.38
0.99,-0.4
1.005,-0.44
1.019,-0.95
1.032,0.14
1.047,0.99
1.061,0.36
1.075,-0.75
1.089,-0.8
1.104,0.72
1.118,-0.54
1.133,1.55
1.147,-0.9
1.161,-0.34
1.174,0.93
1.188,1.03
1.201,0.88
1.215,-0.54
1.229,0.58
1.244,0.37
1.258,0.27
1.273,-0.16
1.287,-0.3
1.302,1.23
1.316,0.22
1.33,0.89
1.345,-0.17
1.359,1.55
1.373,0.89
1.387,-0.17
1.401,-0.02
1.416,-0.48
1.432,-0.7
1.448,-0.45
1.463,1.04
1.479,-0.93
1.494,-0.32
1.51,-0.54
1.525,-0.27
1.541,0.9
1.556,-0.92
1.572,0.04
1.588,0.24
1.604,-1.15
1.621,-0.84
1.637,0.73
1.654,-1.24
1.67,0.42
1.686,0.35
1.702,-0.81
1.72,-0.56
1.737,-0.11
1.754,0.1
1.771,0.55
1.787,-1.41
1.804,0.25
1.822,-1.04
1.839,-0.99
1.856,0.35
1.873,-1.06
1.889,1.79
1.905,0.0
1.922,0.01
1.938,-0.38
1.956,0.18
1.973,-0.3
1.99,-0.73
2.007,-1.08
2.025,-0.02
2.044,-0.92
2.061,1.62
2.078,-0.7
2.095,-0.74
2.113,0.44
2.13,-0.64
2.147,-0.34
2.165,-1.02
2.184,-0.48
2.202,-0.46
2.237,0.86
2.253,0.3
2.271,-0.35
2.289,0.17
2.306,-2.05
2.327,-1.41
2.347,-0.63
2.367,-0.83
2.385,-0.94
2.405,-1.97
2.424,-0.78
2.443,0.0
2.463,-0.65
2.481,-0.63
2.5,0.16
2.518,-0.45
2.535,0.92
2.553,-0.11
2.571,0.51
2.589,-0.77
2.607,0.37
2.625,0.85
2.642,0.09
2.659,-0.19
2.678,-0.56
2.697,-0.2
2.715,-0.88
2.733,1.29
2.75,0.89
2.767,0.81
2.784,0.91
2.801,0.01
2.818,1.32
2.835,1.12
2.852,1.12
2.87,0.04
2.888,-0.64
2.906,-1.0
2.924,0.57
2.943,0.29
2.961,-0.34
2.98,-0.91
3.0,-0.01
3.019,-0.51
3.037,0.1
3.056,0.15
3.074,-0.03
3.092,0.63
3.129,1.27
3.147,-1.46
3.165,-0.91
3.186,-1.3
3.207,0.62
3.227,-0.82
3.247,-1.76
3.267,0.47
3.287,-0.74
3.307,-1.05
3.326,0.7
3.346,-0.71
3.365,-1.44
3.385,-0.01
3.405,-0.28
3.425,-0.44
3.445,-0.18
3.465,-0.02
3.484,0.46
3.503,-1.04
3.522,1.35
3.541,0.15
3.559,-0.29
3.578,0.16
3.598,-0.67
3.618,0.92
3.636,0.77
3.654,0.17
3.672,0.62
3.691,1.03
3.709,-1.02
3.727,1.36
3.746,1.26
3.764,-1.57
3.783,1.07
3.802,0.08
3.822,0.26
3.842,-0.7
3.861,-0.92
3.881,0.72
3.9,-0.12
3.92,-0.52
3.94,-0.19
3.96,-0.41
3.98,0.4
3.999,-0.56
4.019,-0.59
4.038,0.78
4.057,0.81
4.076,-1.16
4.095,0.89
4.115,0.82
4.134,-0.59
4.154,-0.42
4.173,0.06
4.193,0.5
4.212,-1.57
4.231,0.67
4.25,1.31
4.269,-0.2
4.288,1.36
4.307,-0.48
4.326,-1.03
4.347,0.0
4.367,0.29
4.387,0.04
4.406,-0.32
4.426,-0.9
4.445,0.35
4.465,1.33
4.484,-0.39
4.503,0.78
4.521,-0.7
4.542,-0.4
4.562,-0.8
4.582,0.01
4.602,0.16
4.622,0.27
4.642,-0.56
4.661,-0.01
4.681,-0.16
4.701,-0.38
4.721,0.94
4.741,-0.76
4.76,-1.21
4.781,-0.28
4.801,-0.37
4.821,-1.16
4.842,-0.32
4.863,0.67
4.882,0.25
4.901,-0.16
4.92,-0.03
4.939,0.37
4.958,0.98
4.978,-0.5
4.997,-0.66
5.018,-0.32
5.037,-0.29
5.057,0.36
5.077,-0.95
5.097,-0.24
5.118,-0.13
5.137,0.25
5.156,0.56
5.175,0.58
5.193,0.26
5.212,-0.47
5.232,-0.17
5.253,-1.38
5.273,-0.26
5.293,0.69
5.312,-0.21
5.332,0.68
5.351,-0.26
5.37,0.03
5.389,0.54
5.409,-2.14
5.43,-1.08
5.453,-1.28
5.474,-0.06
5.495,-1.3
5.516,-2.19
5.539,-0.82
5.561,0.0
5.58,1.23
5.598,-0.26
5.617,0.1
5.637,-0.75
5.657,-0.1
5.677,-0.24
5.697,-0.97
5.717,0.57
5.736,-0.77
5.756,1.38
5.774,-0.72
5.793,0.91
5.811,1.01
5.831,-0.98
5.85,0.29
5.868,0.57
5.887,0.32
5.905,-0.54
5.926,-0.89
5.946,-0.71
5.967,-1.54
5.989,-0.5
6.009,0.45
6.028,-0.02
6.047,-0.4
6.067,-0.8
6.087,0.06
6.107,0.49
6.127,-1.52
6.147,0.8
6.166,-0.93
6.186,-0.51
6.205,-0.71
6.225,0.03
6.245,-0.68
6.265,-1.23
6.286,0.27
6.306,-0.19
6.326,-1.3
6.346,-1.55
6.367,-0.38
6.388,-1.37
6.409,-0.76
6.43,-0.47
6.449,0.79
6.468,-0.14
6.487,-1.78
6.509,-1.34
6.531,0.81
6.55,-0.48
6.57,-1.27
6.59,-0.71
6.612,-2.27
6.633,-0.22
6.654,-1.5
6.675,-2.0
6.695,0.6
6.715,0.23
6.735,-0.28
6.755,-1.47
6.775,-1.31
6.797,-1.2
6.818,-1.07
6.838,-0.59
6.858,0.75
6.877,-0.25
6.895,0.99
6.913,-0.73
6.933,-0.8
6.953,-1.23
6.974,-0.49
6.994,-0.29
7.013,-1.44
7.034,-0.94
7.056,-0.66
7.076,-1.11
7.097,-1.16
7.118,-0.39
7.139,-1.91
7.16,-3.0
7.183,-1.32
7.206,-0.93
7.228,-1.82
7.249,-1.56
7.27,-1.43
7.292,-0.4
7.311,0.88
7.33,-0.81
7.349,-2.1
7.371,-1.04
7.392,-1.84
7.414,-1.69
7.436,-0.24
7.457,-1.53
7.478,-1.77
7.498,-0.93
7.519,0.03
7.539,-0.93
7.557,0.7
7.576,-0.71
7.595,0.83
7.614,-1.14
7.633,-1.71
7.655,-0.82
7.676,-0.46
7.695,0.43
7.714,-1.88
7.733,-1.14
7.753,0.79
7.773,0.47
7.792,-2.03
7.812,-1.04
7.833,-1.47
7.854,-1.49
7.874,-0.34
7.894,0.26
7.913,-0.56
7.933,-1.06
7.953,-1.24
7.974,-1.41
7.995,-1.25
8.016,-2.19
8.038,-0.87
8.06,-3.09
8.083,-1.13
8.104,-0.65
8.124,-1.4
8.145,-2.04
8.168,-2.54
8.191,-2.25
8.213,-1.31
8.235,-1.71
8.256,-0.77
8.277,-1.35
8.298,-1.43
8.319,-1.26
8.34,-1.24
8.361,-2.4
8.383,-1.69
8.405,-1.89
8.427,-1.4
8.448,-0.74
8.468,-0.7
8.488,-0.85
8.508,-2.79
8.529,-0.74
8.55,0.38
8.57,-0.81
8.589,-1.54
8.609,0.02
8.629,-1.22
8.648,-1.13
8.668,-0.7
8.688,-1.6
8.709,-1.55
8.73,-0.84
8.75,-1.29
8.77,-0.44
8.79,-2.0
8.811,-1.62
8.833,-0.93
8.852,-0.19
8.872,-0.9
8.891,-0.86
8.911,-0.86
8.931,-1.13
8.95,0.05
8.969,-0.1
8.988,-1.49
9.008,-0.67
9.027,-0.94
9.047,-0.59
9.066,-1.09
9.086,-0.49
9.105,-0.49
9.126,-2.56
9.147,-1.9
9.168,-0.06
9.187,-1.42
9.207,0.11
9.224,0.54
9.242,-0.51
9.262,-0.99
9.281,-1.57
9.301,-0.04
9.319,-0.28
9.338,-0.45
9.357,-0.57
9.376,-0.14
9.394,-0.33
9.412,0.24
9.447,0.48
9.464,-0.48
9.484,-2.02
9.504,-0.33
9.523,-1.11
9.542,0.04
9.561,-0.75
9.578,0.79
9.596,-0.1
9.614,-1.16
9.633,-0.08
9.652,-0.38
9.669,1.11
9.686,-0.04
9.704,0.01
9.721,0.45
9.738,-0.07
9.755,1.33
9.772,0.62
9.789,-2.4
9.809,-0.13
9.828,-0.2
9.847,-1.57
9.866,0.68
9.884,-0.61
9.902,0.15
9.92,-0.65
9.939,-0.97
9.957,0.35
9.976,-0.36
9.994,-0.75
10.012,0.26
10.029,0.32
10.047,-0.2
10.065,0.29
10.083,-1.18
10.101,0.02
10.117,1.39
10.134,0.43
10.151,-0.02
10.169,-0.47
10.187,0.38
10.205,-0.2
10.222,-1.08
10.241,-1.38
10.259,0.61
10.278,-0.07
10.295,-0.15
10.313,0.12
10.331,-1.76
10.35,0.26
10.369,-1.27
10.388,-0.47
10.407,-0.71
10.426,-1.53
10.445,0.31
10.462,0.53
10.479,1.16
10.495,0.41
10.511,-0.02
10.527,2.12
10.543,-1.23
10.562,-0.12
10.58,-0.55
10.599,-0.88
10.618,-0.64
10.637,-0.51
10.655,-0.27
10.673,0.86
10.691,-0.77
10.708,-0.84
10.727,-1.01
10.746,-1.08
10.766,-0.96
10.784,-0.35
10.803,-0.22
10.821,0.25
10.838,-0.51
10.856,-1.36
10.875,-0.8
10.895,-0.33
10.913,0.28
10.931,-0.96
10.949,-1.81
10.969,-0.66
10.989,-0.12
11.006,-0.27
11.024,0.3
11.042,-0.08
11.06,-1.45
11.079,-1.14
11.098,-0.47
11.117,-1.41
11.136,-1.62
11.157,-0.93
11.175,0.37
11.192,0.53
11.209,0.18
11.228,-0.29
11.246,-2.15
11.265,-0.61
11.283,-0.32
11.302,-0.95
11.319,1.29
11.336,1.11
11.354,-1.77
11.373,-0.78
11.392,-1.59
11.411,-0.77
11.43,-0.37
11.448,0.42
11.465,0.14
11.482,0.79
11.499,0.28
11.516,-0.73
11.535,-1.33
11.554,-0.92
11.573,-1.16
11.593,-1.15
11.612,-0.19
11.631,-1.05
11.649,0.01
11.667,-1.06
11.686,0.07
11.704,-1.29
11.723,-0.5
11.742,-0.88
11.76,0.07
11.779,-1.3
11.798,-2.48
11.82,-1.85
11.841,-2.09
11.863,-1.86
11.884,-2.11
11.905,-1.84
11.927,-2.78
11.949,-2.64
11.972,-1.69
11.993,-1.99
12.014,-1.96
12.037,-3.02
12.059,-2.57
12.082,-2.91
12.106,-4.44
12.131,-3.03
12.156,-2.97
12.181,-3.81
12.205,-2.63
12.227,-2.12
12.25,-3.61
12.273,-2.23
12.297,-4.23
12.324,-4.4
12.35,-3.49
12.376,-4.91
12.402,-3.17
12.427,-2.76
12.452,-4.1
12.477,-4.14
12.503,-3.86
12.53,-5.5
12.559,-4.91
12.588,-5.17
12.617,-4.65
12.646,-5.15
12.673,-3.88
12.7,-4.35
12.727,-4.19
12.754,-5.28
12.784,-5.53
12.813,-4.1
12.841,-4.74
12.867,-3.56
12.894,-4.41
12.922,-4.82
12.95,-5.04
12.978,-4.58
13.005,-3.85
13.032,-4.05
13.059,-4.61
13.087,-5.17
13.115,-4.7
13.143,-4.27
13.17,-3.47
13.196,-3.94
13.222,-4.6
13.249,-3.6
13.275,-3.57
13.3,-4.12
13.327,-4.28
13.354,-5.31
13.383,-5.06
13.412,-4.49
13.44,-4.92
13.468,-3.97
13.495,-2.76
13.52,-4.46
13.546,-3.88
13.572,-4.83
13.6,-4.98
13.629,-5.06
13.658,-5.03
13.687,-4.18
13.715,-4.78
13.742,-4.43
13.77,-3.06
13.796,-5.07
13.822,-3.15
13.848,-4.6
13.875,-4.68
13.903,-4.23
13.93,-3.49
13.956,-2.82
13.979,-2.64
14.002,-3.24
14.028,-3.98
14.053,-4.05
14.08,-4.48
14.106,-3.27
14.131,-2.71
14.156,-3.0
14.18,-3.43
14.205,-4.14
14.23,-1.02
14.252,-1.93
14.273,-2.16
14.295,-2.69
14.318,-2.5
14.341,-2.96
14.364,-2.52
14.39,-5.32
14.417,-3.78
14.442,-2.71
14.467,-4.17
14.493,-4.17
14.52,-3.55
14.547,-4.59
14.574,-4.2
14.601,-5.42
14.631,-4.94
14.66,-4.22
14.688,-5.03
14.716,-4.44
14.744,-3.62
14.77,-4.04
14.796,-4.29
14.823,-3.62
14.85,-4.02
14.876,-4.25
14.904,-5.52
14.933,-2.3
14.959,-4.54
14.984,-5.1
15.014,-5.09
15.042,-4.05
15.07,-4.17
15.097,-4.5
15.125,-4.36
15.153,-4.76
15.182,-5.16
15.211,-5.72
15.242,-5.47
15.273,-5.66
15.304,-5.51
15.335,-5.74
15.366,-5.7
15.397,-4.75
15.427,-5.11
15.457,-5.35
15.487,-6.01
15.518,-5.19
15.549,-6.37
15.581,-4.8
15.612,-5.39
15.642,-5.25
15.672,-5.61
15.703,-5.32
15.734,-5.62
15.765,-5.82
15.797,-6.18
15.83,-5.39
15.862,-6.66
15.894,-5.91
15.927,-5.96
15.96,-6.46
15.994,-6.9
16.029,-6.76
16.063,-5.94
16.096,-6.1
16.129,-6.07
16.162,-6.22
16.196,-7.41
16.231,-6.44
16.266,-6.12
16.299,-6.76
16.334,-6.79
16.369,-6.75
16.404,-6.86
16.44,-8.15
16.478,-7.05
16.516,-7.44
16.553,-7.15
16.589,-6.82
16.626,-8.83
16.665,-7.37
16.705,-8.21
16.744,-8.11
16.784,-8.23
16.825,-9.0
16.867,-7.74
16.907,-7.8
16.947,-8.38
16.986,-7.38
17.025,-8.66
17.066,-7.4
17.105,-9.37
17.148,-8.5
17.19,-8.4
17.233,-9.11
17.275,-8.39
17.318,-9.08
17.361,-9.54
17.407,-9.47
17.453,-9.47
17.499,-9.7
17.545,-8.13
17.586,-8.97
17.63,-9.74
17.676,-8.9
17.72,-8.87
17.764,-9.54
17.81,-9.82
17.857,-9.64
17.903,-9.21
17.949,-9.25
17.993,-8.94
18.037,-9.18
18.082,-9.45
18.128,-9.41
18.174,-9.36
18.219,-9.51
18.266,-9.4
18.312,-10.35
18.361,-8.67
18.405,-9.26
18.449,-8.56
18.493,-9.92
18.54,-9.21
18.586,-9.61
18.632,-9.36
18.678,-9.02
18.723,-9.69
18.769,-8.84
18.815,-10.12
18.862,-9.34
18.908,-8.44
18.953,-10.43
19.001,-9.89
19.049,-8.52
19.093,-9.54
19.139,-9.34
19.185,-7.81
19.226,-9.55
19.272,-8.91
19.317,-9.96
19.365,-9.16
19.411,-9.75
19.458,-9.62
19.506,-10.19
19.555,-9.37
19.603,-10.19
19.652,-9.93
19.7,-8.94
19.746,-8.84
19.79,-8.53
19.834,-9.51
19.881,-10.43
19.931,-9.81
19.979,-9.4
20.026,-9.04
20.072,-9.46
20.118,-8.71
20.163,-9.79
20.21,-9.22
20.257,-9.53
20.304,-9.69
20.352,-9.72
20.401,-10.18
20.45,-8.92
20.496,-8.83
20.541,-9.31
20.587,-9.49
20.635,-9.65
20.683,-9.64
20.731,-9.03
20.776,-9.36
20.823,-9.41
20.87,-9.47
20.918,-9.39
20.965,-10.14
21.015,-9.25
21.062,-9.52
21.109,-8.74
21.155,-9.06
21.201,-10.02
21.25,-10.04
21.3,-9.2
21.346,-8.59
21.39,-7.92
21.435,-10.1
21.482,-9.71
21.531,-8.9
21.578,-9.64
21.626,-10.12
21.676,-9.57
21.724,-8.96
21.77,-8.72
21.815,-8.47
21.859,-9.42
21.907,-9.14
21.953,-9.6
22.002,-9.45
22.05,-9.82
22.099,-9.98
22.15,-9.67
22.199,-8.81
22.244,-10.04
22.295,-9.91
22.345,-8.36
22.389,-9.14
22.436,-9.41
22.483,-8.74
22.529,-9.22
22.577,-9.92
22.626,-9.0
22.674,-9.98
22.723,-9.36
22.772,-9.62
22.821,-9.39
22.869,-9.73
22.918,-9.55
22.967,-9.11
23.014,-8.43
23.059,-8.84
23.104,-8.23
23.149,-8.99
23.195,-9.19
23.242,-8.79
23.289,-10.25
23.34,-9.36
23.388,-8.95
23.435,-9.28
23.483,-8.69
23.529,-8.88
23.575,-9.05
23.622,-8.64
23.668,-8.95
23.715,-9.29
23.763,-9.36
23.812,-10.39
23.864,-9.95
23.916,-9.62
23.965,-9.52
24.015,-10.58
24.069,-9.68
24.119,-9.4
24.168,-9.05
24.216,-9.0
24.263,-9.76
24.314,-9.33
24.363,-10.07
24.415,-10.1
24.467,-7.98
24.511,-8.99
24.558,-9.9
24.609,-10.21
24.662,-10.06
24.714,-9.96
24.766,-9.89
24.818,-9.54
24.868,-9.84
24.919,-9.39
24.969,-9.83
25.02,-9.95
25.072,-9.83
25.123,-9.35
25.173,-9.35
25.223,-10.21
25.276,-10.48
25.33,-10.32
25.384,-9.54
25.435,-9.87
25.487,-9.84
25.538,-9.67
25.589,-9.54
25.64,-9.3
25.69,-10.19
25.743,-10.02
25.795,-9.53
25.847,-10.47
25.9,-8.93
25.95,-9.61
26.0,-10.2
26.053,-8.98
26.103,-9.85
26.154,-9.96
26.207,-9.17
26.257,-10.4
26.311,-9.96
26.364,-9.02
26.413,-9.94
26.465,-9.34
26.516,-9.59
26.567,-9.96
26.62,-10.19
26.674,-10.11
26.727,-9.05
26.777,-9.48
26.828,-9.72
26.88,-10.13
26.933,-9.59
26.985,-9.75
27.037,-9.7
27.09,-9.93
27.142,-9.22
27.192,-8.79
27.24,-8.28
27.287,-8.84
27.333,-6.91
27.377,-9.25
27.425,-9.03
27.475,-8.69
27.523,-10.51
27.578,-9.14
27.628,-7.86
27.673,-7.71
27.717,-8.61
27.765,-8.94
27.814,-9.4
27.864,-8.38
27.912,-8.81
27.961,-9.87
28.014,-10.22
28.068,-9.15
28.119,-9.42
28.17,-9.93
28.224,-9.42
28.275,-8.71
28.324,-8.89
28.373,-8.2
28.419,-7.84
28.465,-8.69
28.512,-8.61
28.56,-8.59
28.608,-8.87
28.658,-9.46
28.709,-9.14
28.759,-8.91
28.809,-9.27
28.859,-8.35
28.908,-8.88
28.956,-8.28
29.004,-8.72
29.052,-8.26
29.099,-8.1
29.145,-8.23
29.192,-7.39
29.236,-8.6
29.283,-7.55
29.328,-7.93
29.375,-9.42
29.425,-8.88
29.474,-8.42
29.523,-8.35
29.57,-8.42
29.618,-8.33
29.665,-7.82
29.711,-8.36
29.758,-8.9
29.808,-9.82
29.862,-9.44
29.915,-9.38
29.967,-9.85
30.02,-8.4
30.071,-10.03
30.124,-9.25
30.177,-9.19
30.227,-8.31
30.277,-9.94
30.33,-8.61
30.38,-9.06
30.431,-9.19
30.483,-9.19
30.534,-9.29
30.586,-8.88
30.637,-8.88
30.687,-8.87
30.738,-8.87
30.788,-8.87
30.837,-7.57
30.884,-8.69
30.933,-8.77
30.983,-8.52
31.032,-9.51
31.085,-9.93
31.141,-9.29
31.194,-9.47
31.247,-10.04
31.303,-9.42
31.356,-8.91
31.408,-9.07
31.459,-8.9
31.511,-9.87
31.564,-8.92
31.618,-10.36
31.673,-9.19
31.725,-7.5
31.773,-8.3
31.821,-8.88
31.871,-8.5
31.919,-7.07
31.965,-8.12
32.012,-6.9
32.055,-8.4
32.104,-8.64
32.154,-8.31
32.203,-8.81
32.253,-8.2
32.302,-8.38
32.35,-7.78
32.399,-9.02
32.448,-7.95
32.496,-8.09
32.545,-9.16
32.598,-9.77
32.652,-9.46
32.707,-9.31
32.761,-9.88
32.816,-9.24
32.869,-8.59
32.921,-9.25
32.973,-8.74
33.024,-8.18
33.073,-8.03
33.121,-7.93
33.168,-7.53
33.215,-8.06
33.262,-7.76
33.309,-7.48
33.355,-8.3
33.404,-8.06
33.453,-8.47
33.502,-8.14
33.551,-8.12
33.599,-7.72
33.648,-9.32
33.699,-8.1
33.75,-8.77
33.801,-9.53
33.856,-9.53
33.911,-9.53
33.966,-9.52
34.021,-9.52
34.077,-9.16
34.13,-8.53
34.181,-9.12
34.234,-8.97
34.287,-9.58
34.342,-9.08
34.395,-8.19
34.445,-8.03
34.494,-8.55
34.545,-7.39
34.591,-8.34
34.64,-7.75
34.688,-7.68
34.736,-8.48
34.785,-7.35
34.832,-7.4
34.879,-8.37
34.928,-8.04
34.977,-7.69
35.024,-7.03
35.069,-7.69
35.117,-8.41
35.167,-7.72
35.214,-7.09
35.26,-7.52
35.307,-8.18
35.356,-8.24
35.406,-8.06
35.454,-6.81
35.501,-8.52
35.551,-8.67
35.602,-7.81
35.65,-7.61
35.698,-7.89
35.746,-8.68
35.798,-8.18
35.848,-9.24
35.903,-7.97
35.952,-8.02
36.001,-8.08
36.051,-8.05
36.101,-9.07
36.154,-8.69
36.206,-8.54
36.258,-8.32
36.308,-7.84
36.357,-7.84
36.406,-8.09
36.456,-8.2
36.506,-8.05
36.555,-7.77
36.604,-8.44
36.655,-8.08
36.705,-7.95
36.755,-8.66
36.807,-8.84
36.859,-8.54
36.911,-8.17
36.961,-7.0
37.007,-6.63
37.051,-7.91
37.1,-7.88
37.149,-7.89
37.198,-6.62
37.244,-7.79
37.29,-6.84
37.337,-7.91
37.384,-6.84
37.431,-8.14
37.48,-6.85
37.525,-7.18
37.571,-6.04
37.613,-6.18
37.656,-6.27
37.697,-5.14
37.737,-6.41
37.779,-5.22
37.819,-4.66
37.858,-6.16
37.899,-7.17
37.945,-7.23
37.992,-7.86
38.039,-5.98
38.082,-5.5
38.124,-7.13
38.169,-7.25
38.215,-7.63
38.263,-5.83
38.306,-7.28
38.351,-6.29
38.395,-6.57
38.439,-7.03
38.484,-6.62
38.529,-6.39
38.572,-6.41
38.616,-6.34
38.66,-6.82
38.704,-7.18
38.751,-7.53
38.798,-6.15
38.842,-6.89
38.886,-6.59
38.931,-6.46
38.976,-7.78
39.023,-6.87
39.069,-5.95
39.111,-8.05
39.161,-7.73
39.211,-8.2
39.261,-8.05
39.312,-7.97
39.362,-8.2
39.413,-7.97
39.463,-8.03
39.515,-9.02
39.569,-9.2
39.625,-9.1
39.68,-8.18
39.732,-9.24
39.787,-7.83
39.838,-8.48
39.89,-7.74
39.94,-8.12
39.99,-7.2
40.039,-8.25
40.089,-7.74
40.138,-7.59
40.188,-8.63
40.241,-8.53
40.293,-8.41
40.345,-7.19
40.394,-7.54
40.441,-7.26
40.49,-8.54
40.543,-8.89
40.597,-8.72
40.651,-8.7
40.705,-8.82
40.759,-8.42
40.812,-8.14
40.865,-9.39
40.92,-8.15
40.972,-8.02
41.023,-7.77
41.073,-7.57
41.123,-8.58
41.174,-7.31
41.223,-6.45
41.269,-7.55
41.317,-7.58
41.366,-7.83
41.416,-8.57
41.469,-6.66
41.516,-8.83
41.569,-7.79
41.62,-8.73
41.674,-7.95
41.725,-8.22
41.777,-8.97
41.832,-8.36
41.885,-8.8
41.94,-8.74
41.995,-8.75
42.05,-9.06
42.106,-9.04
42.161,-8.22
42.215,-8.89
42.268,-7.52
42.319,-8.18
42.371,-8.36
42.423,-7.54
42.473,-7.55
42.522,-7.77
42.573,-8.46
42.625,-7.12
42.674,-8.52
42.726,-7.61
42.777,-7.94
42.827,-7.41
42.876,-6.75
42.922,-7.07
42.969,-7.02
43.017,-7.2
43.064,-6.62
43.11,-6.83
43.157,-7.51
43.205,-6.83
43.252,-8.03
43.303,-7.93
43.354,-6.47
43.4,-6.93
43.447,-7.36
43.495,-7.9
43.546,-8.06
43.597,-7.37
43.647,-7.57
43.696,-7.81
43.746,-7.22
43.796,-8.42
43.849,-8.68
43.902,-8.02
43.954,-7.94
44.005,-8.74
44.058,-8.66
44.112,-8.31
44.166,-8.82
44.221,-8.77
44.276,-8.44
44.33,-8.04
44.382,-7.04
44.431,-7.63
44.482,-8.73
44.535,-8.3
44.588,-8.46
44.641,-7.9
44.692,-7.57
44.743,-7.92
44.794,-7.8
44.845,-7.78
44.896,-7.57
44.946,-7.65
44.996,-7.75
45.046,-7.17
45.095,-7.12
45.143,-6.62
45.189,-7.04
45.237,-7.0
45.284,-6.92
45.331,-6.59
45.377,-6.79
45.424,-6.51
45.47,-6.97
45.517,-6.9
45.562,-5.27
45.606,-7.05
45.652,-6.19
45.697,-6.69
45.742,-5.44
45.785,-6.01
45.827,-5.35
45.87,-6.28
45.912,-4.25
45.951,-5.14
45.992,-6.03
46.036,-6.86
46.08,-5.8
46.124,-5.24
46.165,-6.38
46.21,-6.31
46.254,-6.12
46.298,-6.18
46.341,-5.7
46.384,-5.72
46.427,-4.85
46.466,-4.57
46.504,-4.03
46.542,-5.64
46.583,-5.51
46.624,-5.05
46.666,-5.68
46.707,-5.25
46.748,-6.58
46.794,-6.49
46.84,-6.86
46.885,-5.88
46.93,-6.44
46.975,-6.44
47.02,-6.17
47.065,-6.75
47.111,-6.8
47.158,-6.24
47.203,-6.44
47.246,-4.97
47.289,-6.67
47.334,-6.64
47.38,-7.15
47.428,-6.59
47.474,-6.97
47.522,-6.73
47.569,-7.0
47.616,-7.2
47.664,-6.24
47.71,-6.27
47.755,-7.13
47.803,-7.66
47.852,-6.65
47.9,-7.25
47.95,-8.94
48.005,-7.92
48.058,-8.02
48.111,-8.55
48.165,-7.94
48.217,-7.31
48.268,-7.99
48.318,-6.8
48.367,-6.63
48.414,-6.8
48.461,-7.31
48.51,-7.0
48.558,-8.51
48.613,-7.56
48.664,-6.93
48.712,-8.32
48.766,-8.17
48.819,-7.08
48.867,-7.01
48.915,-6.54
48.962,-7.57
49.012,-7.67
49.063,-7.59
49.115,-8.17
49.167,-7.28
49.218,-8.05
49.269,-7.64
49.322,-8.39
49.375,-7.36
49.426,-7.96
49.477,-7.16
49.526,-6.75
49.575,-7.54
49.624,-7.45
49.673,-6.1
49.721,-7.7
49.77,-7.67
49.82,-6.3
49.869,-7.67
49.918,-7.49
49.97,-8.18
50.022,-7.06
50.071,-6.64
50.118,-6.96
50.166,-6.5
50.212,-7.02
50.261,-7.53
50.311,-7.5
50.362,-7.06
50.411,-7.05
50.458,-5.64
50.503,-7.17
50.551,-7.43
50.602,-8.11
50.652,-6.25
50.701,-7.02
50.749,-7.48
50.798,-6.59
50.846,-7.5
50.896,-7.37
50.945,-6.69
50.993,-6.71
51.041,-7.84
51.092,-7.38
51.143,-7.38
51.193,-7.22
51.242,-6.95
51.291,-7.02
51.339,-6.77
51.387,-7.21
51.436,-6.61
51.483,-6.42
51.528,-5.98
51.575,-7.41
51.622,-6.57
51.671,-7.35
51.719,-6.11
51.765,-6.64
51.811,-5.49
51.854,-6.81
51.901,-6.26
51.947,-5.97
51.99,-4.62
52.032,-6.36
52.075,-5.24
52.117,-6.23
52.163,-7.27
52.212,-6.32
52.258,-6.86
52.305,-6.32
52.352,-6.75
52.398,-6.07
52.443,-5.66
52.488,-7.04
52.535,-5.97
52.58,-6.35
52.625,-5.28
52.668,-6.72
52.713,-6.11
52.757,-4.61
52.799,-6.11
52.843,-6.18
52.888,-6.62
52.935,-6.82
52.982,-6.33
53.026,-4.25
53.067,-5.75
53.11,-6.18
53.153,-5.08
53.195,-5.41
53.237,-5.03
53.278,-5.18
53.318,-4.95
53.359,-4.92
53.399,-4.99
53.44,-5.29
53.482,-6.18
53.526,-6.3
53.571,-6.08
53.617,-7.19
53.666,-6.87
53.714,-6.66
53.761,-5.54
53.804,-6.25
53.848,-5.54
53.893,-6.52
53.938,-6.25
53.984,-6.67
54.031,-6.5
54.078,-6.98
54.125,-5.66
54.169,-5.96
54.213,-5.83
54.256,-5.42
54.301,-7.04
54.347,-6.9
54.396,-6.86
54.445,-7.4
54.495,-7.4
54.544,-6.79
54.594,-7.62
54.645,-7.9
54.697,-7.37
54.748,-7.39
54.797,-5.94
54.843,-6.6
54.89,-6.76
54.937,-6.14
54.982,-5.79
55.027,-6.93
55.074,-6.82
55.122,-6.04
55.168,-7.05
55.216,-6.85
55.264,-6.34
55.31,-6.59
55.358,-7.81
55.409,-6.79
55.458,-6.77
55.505,-6.81
55.554,-7.19
55.603,-7.37
55.654,-7.91
55.707,-8.33
55.761,-7.32
55.813,-7.35
55.864,-8.13
55.918,-8.38
55.971,-6.75
56.023,-8.67
56.076,-7.37
56.128,-7.29
56.178,-6.52
56.226,-6.88
56.275,-8.08
56.326,-6.63
56.376,-7.0
56.424,-7.1
56.474,-7.21
56.523,-6.64
56.571,-6.46
56.618,-7.61
56.669,-6.52
56.716,-7.18
56.766,-6.36
56.812,-6.13
56.858,-6.56
56.903,-5.32
56.948,-6.83
56.994,-6.25
57.041,-6.37
57.086,-5.72
57.13,-5.2
57.172,-5.99
57.216,-4.97
57.258,-5.7
57.3,-5.58
57.346,-7.79
57.395,-6.66
57.443,-5.97
57.488,-5.75
57.532,-6.43
57.578,-6.61
57.625,-5.83
57.669,-5.23
57.713,-6.95
57.76,-7.16
57.809,-6.82
57.857,-6.23
57.904,-6.2
57.949,-5.97
57.994,-6.1
58.039,-5.25
58.081,-6.57
58.127,-5.28
58.17,-5.98
58.212,-4.42
58.254,-6.03
58.297,-5.03
58.338,-4.92
58.379,-5.86
58.422,-5.66
58.467,-6.42
58.511,-4.83
58.552,-4.6
58.592,-5.19
58.633,-5.44
58.676,-5.64
58.718,-4.89
58.76,-5.93
58.803,-5.8
58.847,-6.08
58.892,-5.78
58.936,-5.9
58.98,-5.8
59.024,-5.71
59.067,-5.41
59.11,-5.36
59.153,-7.08
59.201,-4.53
59.242,-6.16
59.286,-6.26
59.333,-7.3
59.381,-6.1
59.426,-4.82
59.469,-6.28
59.514,-6.55
59.56,-6.19
59.606,-5.85
59.651,-7.15
59.7,-6.9
59.747,-5.32
59.791,-5.9
59.835,-5.92
59.879,-5.72
59.925,-7.27
59.972,-6.35
60.02,-6.78
60.068,-6.67
60.116,-7.25
60.166,-7.33
60.216,-6.92
60.265,-6.66
60.313,-7.48
60.364,-6.97
60.414,-6.25
60.46,-7.25
60.51,-6.73
60.558,-6.07
60.603,-5.79
60.649,-7.22
60.697,-6.91
60.747,-7.24
60.797,-7.52
60.847,-6.68
60.896,-6.45
60.944,-7.13
60.994,-7.77
61.045,-6.43
61.094,-7.13
61.142,-6.86
61.192,-7.09
61.242,-7.32
61.292,-7.39
61.343,-7.01
61.394,-8.11
61.447,-7.6
61.499,-6.96
61.55,-7.44
61.601,-7.77
61.654,-7.52
61.706,-7.26
61.757,-7.62
61.809,-7.77
61.863,-8.37
61.919,-8.22
61.974,-8.94
62.033,-8.17
62.089,-7.94
62.144,-8.05
62.198,-8.19
62.254,-8.6
62.312,-8.86
62.371,-8.57
62.428,-7.25
62.48,-8.91
62.539,-8.89
62.598,-8.85
62.657,-8.53
62.715,-8.24
62.771,-9.17
62.832,-9.47
62.894,-8.6
62.953,-8.41
63.012,-10.19
63.079,-9.27
63.141,-9.22
63.203,-9.41
63.265,-8.95
63.326,-9.3
63.388,-9.05
63.448,-8.83
63.508,-8.49
63.564,-6.68
63.615,-6.82
63.666,-8.34
63.72,-6.63
63.771,-8.87
63.829,-7.88
63.884,-7.86
63.938,-7.12
63.989,-7.45
64.042,-8.53
64.1,-9.08
64.16,-8.38
64.218,-8.78
64.278,-9.32
64.34,-8.71
64.399,-8.24
64.457,-8.82
64.516,-9.11
64.577,-8.4
64.635,-9.24
64.697,-8.3
64.756,-9.34
64.817,-9.01
64.879,-8.82
64.939,-8.89
64.998,-7.72
65.054,-7.72
65.111,-9.77
65.173,-8.36
65.232,-9.03
65.293,-8.67
65.353,-9.14
65.415,-9.42
65.479,-8.79
65.539,-9.56
65.603,-8.46
65.663,-9.0
65.724,-9.36
65.788,-9.59
65.852,-8.78
65.914,-9.29
65.977,-9.58
66.042,-9.48
66.106,-9.17
66.17,-9.81
66.236,-9.2
66.299,-9.11
66.362,-8.83
66.423,-9.04
66.485,-7.85
66.541,-9.71
66.606,-8.67
66.667,-8.46
66.727,-9.21
66.79,-9.23
66.853,-8.5
66.913,-9.01
66.976,-9.61
67.041,-8.82
67.103,-9.39
67.167,-9.26
67.231,-9.44
67.296,-8.86
67.358,-8.9
67.421,-9.4
67.485,-8.78
67.546,-7.81
67.604,-9.11
67.666,-9.12
67.729,-9.32
67.793,-7.12
67.848,-8.87
67.908,-8.6
67.969,-8.27
68.029,-9.06
68.091,-9.63
68.158,-9.51
68.224,-9.31
68.289,-7.79
68.346,-8.04
68.403,-7.92
68.46,-7.59
68.517,-8.15
68.574,-7.77
68.631,-8.6
68.692,-8.14
68.751,-9.42
68.816,-8.96
68.879,-8.92
68.943,-9.71
69.009,-8.85
69.074,-9.67
69.141,-8.75
69.204,-9.22
69.268,-8.99
69.332,-8.89
69.394,-7.26
69.45,-8.49
69.511,-8.8
69.573,-8.34
69.632,-6.91
69.686,-7.58
69.741,-7.27
69.796,-7.94
69.854,-8.07
69.913,-7.49
69.969,-7.69
70.025,-7.34
70.081,-7.72
70.137,-6.79
70.19,-6.66
70.241,-7.55
70.296,-6.28
70.347,-6.69
70.399,-6.61
70.45,-6.41
70.5,-5.2
70.546,-6.04
70.594,-5.61
70.641,-5.63
70.688,-5.05
70.733,-5.5
70.779,-5.53
70.826,-5.98
70.873,-5.41
70.922,-7.72
70.976,-7.27
71.03,-5.25
71.078,-7.09
71.13,-6.41
71.182,-6.21
71.231,-6.01
71.28,-6.04
71.33,-7.05
71.383,-7.19
71.438,-6.78
71.491,-6.88
71.544,-5.85
71.592,-6.71
71.645,-6.84
71.697,-6.65
71.75,-7.0
71.804,-6.9
71.857,-6.6
71.91,-7.09
71.964,-7.28
72.019,-6.94
72.074,-8.05
72.132,-7.05
72.187,-7.59
72.244,-7.3
72.301,-8.24
72.363,-8.89
72.426,-7.9
72.486,-8.14
72.547,-8.32
72.608,-8.19
72.669,-7.66
72.727,-7.6
72.785,-7.63
72.843,-7.42
72.899,-7.17
72.956,-7.66
73.012,-6.58
73.066,-6.89
73.119,-6.51
73.172,-6.45
73.225,-7.55
73.281,-6.16
73.333,-7.1
73.387,-6.45
73.44,-7.39
73.495,-5.53
73.545,-6.91
73.598,-6.23
73.65,-6.23
73.701,-6.11
73.752,-6.62
73.804,-6.04
73.854,-5.97
73.903,-4.21
73.947,-5.39
73.994,-5.52
74.042,-5.56
74.09,-4.83
74.135,-5.7
74.183,-4.51
74.228,-5.06
74.274,-5.86
74.322,-4.92
74.368,-5.15
74.414,-4.97
74.459,-4.47
74.503,-3.52
74.543,-4.64
74.587,-4.08
74.63,-4.44
74.674,-5.59
74.721,-5.29
74.768,-5.26
74.816,-5.72
74.864,-5.34
74.913,-6.11
74.962,-5.19
75.011,-6.67
75.063,-6.22
75.114,-5.86
75.165,-5.82
75.215,-5.98
75.265,-6.1
75.316,-5.99
75.368,-6.62
75.421,-6.67
75.474,-6.22
75.527,-6.96
75.582,-6.52
75.636,-7.41
75.693,-6.78
75.749,-7.6
75.808,-7.94
75.868,-7.43
75.926,-6.77
75.982,-6.99
76.038,-6.38
76.091,-6.31
76.144,-7.51
76.202,-6.91
76.258,-6.75
76.312,-6.1
76.365,-6.28
76.419,-8.09
76.478,-5.99
76.531,-6.98
76.587,-6.1
76.639,-6.38
76.692,-7.18
76.749,-6.95
76.806,-6.65
76.861,-6.89
76.916,-6.21
76.969,-6.06
77.021,-6.03
77.073,-6.12
77.125,-6.78
77.179,-5.16
77.229,-6.38
77.281,-5.77
77.332,-5.66
77.382,-6.31
77.435,-7.08
77.492,-6.43
77.546,-6.46
77.601,-7.04
77.658,-7.05
77.715,-6.81
77.77,-6.38
77.825,-6.69
77.88,-6.44
77.935,-6.6
77.989,-5.94
78.041,-6.2
78.094,-6.63
78.149,-5.69
78.2,-5.75
78.252,-7.4
78.31,-6.64
78.364,-5.25
78.415,-5.61
78.465,-6.12
78.518,-6.13
78.57,-5.34
78.62,-5.67
78.67,-5.45
78.719,-4.92
78.767,-5.1
78.817,-6.32
78.868,-5.41
78.919,-5.64
78.969,-5.67
79.022,-7.15
79.076,-5.02
79.127,-6.06
79.178,-5.13
79.228,-6.27
79.28,-4.44
79.327,-4.88
79.374,-4.76
79.421,-5.59
79.47,-4.96
79.52,-6.29
79.571,-4.71
79.621,-5.99
79.67,-4.26
79.716,-4.06
79.762,-5.57
79.81,-5.13
79.86,-5.44
79.91,-5.77
79.961,-5.45
80.011,-4.86
80.059,-4.92
80.107,-4.9
80.153,-3.8
80.198,-5.96
80.249,-4.62
80.297,-5.39
80.346,-4.37
80.392,-4.91
80.44,-5.26
80.489,-5.01
80.537,-5.04
80.586,-4.86
80.633,-4.38
80.679,-4.66
80.726,-5.14
80.774,-4.49
80.821,-4.69
80.869,-5.52
80.918,-4.74
80.966,-5.5
81.016,-5.28
81.065,-4.72
81.114,-5.49
81.164,-5.63
81.215,-5.05
81.264,-4.65
81.31,-3.91
81.355,-4.35
81.401,-5.26
81.45,-5.21
81.499,-4.37
81.545,-4.37
81.591,-4.37
81.637,-4.8
81.683,-2.65
81.725,-4.14
81.767,-3.38
81.81,-4.21
81.855,-4.07
81.899,-3.93
81.943,-5.03
81.992,-4.26
82.037,-4.59
82.084,-3.71
82.128,-4.74
82.174,-3.85
82.218,-3.91
82.261,-2.97
82.303,-3.12
82.343,-3.63
82.386,-2.96
82.427,-3.59
82.469,-3.87
82.512,-3.04
82.554,-4.4
82.599,-3.59
82.642,-2.01
82.68,-3.79
82.721,-3.58
82.763,-2.77
82.804,-3.48
82.846,-3.74
82.889,-3.73
82.932,-3.14
82.974,-3.95
83.016,-2.49
83.057,-3.52
83.098,-2.48
83.137,-2.65
83.176,-2.76
83.216,-2.83
83.255,-2.47
83.294,-2.3
83.333,-3.68
83.375,-3.41
83.417,-3.56
83.46,-4.04
83.503,-2.84
83.545,-4.09
83.589,-3.63
83.632,-3.37
83.675,-3.71
83.716,-2.56
83.756,-2.51
83.796,-4.69
83.843,-3.39
83.885,-3.93
83.929,-3.44
83.97,-2.41
84.012,-4.08
84.054,-3.36
84.097,-4.17
84.142,-3.28
84.184,-4.89
84.231,-3.81
84.276,-4.25
84.322,-4.45
84.367,-3.46
84.411,-3.58
84.455,-4.3
84.5,-3.84
84.544,-4.07
84.589,-3.59
84.632,-3.3
84.674,-3.88
84.719,-4.32
84.765,-5.0
84.813,-4.24
84.858,-3.25
84.903,-5.35
84.951,-4.62
84.999,-4.32
85.046,-4.64
85.093,-4.87
85.142,-4.26
85.188,-2.64
85.229,-4.84
85.276,-4.67
85.324,-4.49
85.371,-4.64
85.419,-5.23
85.468,-4.0
85.515,-5.05
85.564,-4.97
85.613,-4.99
85.662,-4.49
85.71,-4.76
85.759,-5.43
85.81,-5.33
85.861,-5.27
85.911,-5.25
85.962,-4.57
86.01,-4.77
86.059,-5.02
86.108,-4.39
86.157,-5.86
86.208,-5.23
86.26,-5.3
86.311,-5.33
86.362,-4.98
86.413,-5.81
86.466,-5.68
86.519,-5.99
86.574,-6.25
86.63,-6.32
86.686,-4.75
86.735,-6.09
86.79,-5.79
86.844,-6.07
86.899,-5.32
86.952,-6.53
87.008,-5.67
87.063,-6.61
87.121,-7.17
87.182,-7.6
87.246,-7.53
87.31,-6.57
87.368,-5.49
87.423,-6.65
87.481,-6.99
87.541,-6.46
87.599,-6.84
87.658,-5.57
87.714,-7.44
87.774,-5.85
87.831,-6.97
87.891,-6.52
87.949,-6.04
88.004,-5.8
88.059,-5.75
88.114,-6.59
88.172,-6.52
88.23,-5.94
88.286,-6.88
88.346,-5.81
88.401,-6.42
88.459,-7.01
88.518,-5.69
88.574,-6.15
88.631,-6.27
88.688,-5.69
88.742,-5.26
88.794,-5.61
88.847,-5.1
88.899,-5.53
88.952,-5.1
89.005,-6.44
89.062,-6.29
89.119,-5.64
89.174,-6.09
89.23,-6.16
89.286,-4.67
89.336,-4.89
89.387,-5.12
89.438,-4.84
89.489,-5.05
89.54,-5.25
89.592,-6.23
89.65,-6.11
89.705,-4.76
89.757,-5.17
89.808,-5.22
89.861,-5.52
89.913,-4.7
89.963,-3.89
90.012,-5.01
90.062,-5.39
90.115,-5.46
90.168,-5.4
90.222,-5.46
90.274,-3.98
90.324,-6.37
90.38,-5.86
90.436,-5.32
90.489,-4.91
90.54,-6.77
90.6,-6.59
90.66,-6.38
90.719,-6.21
90.777,-5.92
90.833,-5.64
90.888,-4.88
90.939,-5.16
90.991,-5.67
91.046,-5.71
91.101,-5.16
91.156,-6.6
91.213,-5.76
91.27,-6.34
91.328,-5.87
91.385,-5.82
91.441,-6.73
91.5,-4.22
91.55,-4.95
91.602,-5.59
91.657,-6.04
91.714,-6.19
91.771,-5.27
91.825,-5.68
91.88,-5.61
91.935,-4.9
91.987,-5.3
92.04,-5.35
92.094,-5.33
92.148,-5.76
92.204,-5.85
92.26,-5.63
92.315,-5.27
92.368,-4.13
92.418,-5.19
92.471,-5.63
92.525,-4.87
92.577,-5.09
92.629,-4.21
92.679,-5.9
92.734,-4.69
92.786,-4.91
92.838,-4.88
92.889,-4.8
92.941,-5.37
92.995,-6.05
93.051,-4.6
93.104,-5.32
93.157,-5.16
93.211,-5.59
93.264,-4.38
93.315,-4.23
93.364,-4.57
93.414,-4.47
93.465,-4.78
93.517,-5.92
93.572,-5.05
93.626,-4.88
93.676,-3.53
93.725,-5.54
93.778,-4.73
93.83,-4.44
93.88,-4.78
93.931,-4.85
93.983,-4.67
94.034,-4.34
94.084,-4.39
94.133,-4.14
94.182,-4.22
94.232,-5.61
94.286,-3.99
94.335,-4.6
94.386,-5.41
94.44,-4.24
94.49,-4.93
94.542,-4.95
94.595,-5.05
94.649,-6.12
94.705,-4.68
94.757,-3.94
94.805,-2.73
94.849,-3.02
94.893,-4.17
94.941,-3.41
94.987,-3.63
95.034,-4.42
95.083,-4.14
95.132,-4.11
95.182,-4.82
95.234,-5.38
95.288,-4.94
95.341,-5.03
95.394,-5.33
95.449,-4.98
95.502,-4.92
95.555,-5.36
95.609,-4.54
95.661,-5.02
95.714,-5.26
95.767,-4.22
95.819,-4.96
95.871,-5.3
95.924,-3.23
95.972,-4.78
96.024,-5.86
96.079,-4.14
96.13,-4.8
96.182,-4.32
96.232,-3.73
96.28,-4.6
96.331,-5.23
96.385,-4.87
96.438,-3.69
96.486,-5.84
96.543,-5.15
96.597,-4.73
96.649,-3.82
96.699,-5.46
96.752,-4.29
96.804,-4.8
96.855,-4.24
96.906,-4.72
96.958,-4.7
97.011,-5.71
97.065,-3.56
97.116,-5.11
97.167,-4.22
97.218,-4.32
97.268,-4.22
97.319,-4.37
97.369,-4.17
97.42,-5.05
97.472,-4.83
97.525,-3.84
97.575,-5.46
97.629,-4.73
97.682,-4.86
97.735,-3.41
97.783,-4.2
97.832,-4.8
97.885,-5.13
97.94,-5.03
97.994,-4.78
98.046,-3.82
98.095,-4.46
98.146,-4.16
98.197,-5.44
98.251,-3.68
98.302,-5.35
98.355,-4.63
98.408,-4.59
98.459,-3.73
98.509,-4.64
98.56,-3.68
98.61,-4.82
98.662,-5.33
98.717,-5.15
98.772,-4.54
98.825,-5.3
98.88,-4.47
98.933,-5.66
98.99,-4.32
99.041,-4.7
99.094,-4.67
99.147,-5.87
99.205,-5.59
99.263,-5.16
99.318,-4.71
99.372,-5.28
99.427,-5.06
99.482,-4.7
99.535,-4.2
99.586,-5.21
99.641,-4.2
99.692,-4.17
99.743,-4.58
99.795,-4.53
99.848,-5.61
99.904,-4.3
99.957,-5.03
100.01,-4.32
100.062,-4.07
100.114,-4.88
100.166,-4.33
100.218,-3.89
100.269,-4.75
100.321,-4.48
100.374,-4.76
100.426,-3.79
100.477,-4.67
100.529,-4.02
100.58,-5.0
100.634,-4.57
100.687,-4.45
100.739,-4.3
100.791,-4.29
100.842,-3.92
100.893,-5.13
100.948,-4.92
101.003,-5.16
101.058,-4.9
101.113,-4.24
101.165,-4.37
101.216,-3.79
101.266,-3.54
101.315,-4.04
101.363,-2.79
101.41,-3.45
101.458,-4.51
101.509,-3.88
101.561,-4.84
101.614,-4.47
101.667,-4.69
101.72,-4.09
101.772,-4.64
101.825,-4.34
101.878,-4.34
101.93,-4.26
101.982,-5.02
102.038,-4.59
102.091,-4.41
102.144,-4.24
102.196,-4.9
102.252,-6.18
102.312,-4.74
102.368,-4.84
102.423,-5.13
102.479,-4.87
102.535,-4.77
102.59,-5.45
102.647,-4.32
102.702,-5.51
102.76,-5.58
102.819,-5.54
102.878,-5.24
102.935,-4.8
102.991,-5.95
103.052,-5.74
103.113,-6.22
103.175,-5.29
103.234,-6.97
103.302,-6.74
103.368,-6.26
103.433,-7.35
103.503,-6.98
103.571,-6.45
103.637,-7.29
103.705,-5.83
103.77,-6.89
103.836,-5.69
103.898,-6.25
103.961,-5.72
104.022,-5.67
104.083,-6.78
104.15,-6.16
104.212,-4.57
104.27,-5.64
104.33,-5.94
104.392,-5.48
104.453,-5.47
104.512,-5.29
104.572,-5.75
104.633,-5.25
104.692,-4.59
104.748,-4.9
104.804,-4.88
104.861,-4.64
104.918,-5.15
104.975,-4.98
105.033,-4.02
105.086,-4.85
105.143,-5.49
105.204,-5.6
105.264,-4.87
105.322,-4.79
105.379,-5.18
105.438,-4.89
105.495,-4.64
105.552,-4.75
105.608,-4.9
105.666,-5.16
105.725,-5.26
105.785,-5.13
105.844,-5.27
105.902,-3.54
105.956,-4.48
106.011,-4.82
106.067,-4.11
106.122,-4.51
106.178,-4.6
106.234,-3.94
106.287,-3.94
106.34,-4.16
106.394,-3.68
106.447,-3.94
106.499,-3.33
106.55,-3.59
106.601,-3.01
106.651,-3.72
106.704,-4.15
106.759,-5.17
106.818,-4.83
106.876,-4.63
106.933,-4.03
106.988,-4.82
107.046,-4.29
107.103,-5.0
107.162,-5.32
107.223,-5.06
107.283,-4.87
107.343,-5.83
107.406,-5.03
107.468,-5.52
107.53,-4.91
107.59,-5.58
107.653,-5.63
107.717,-5.54
107.781,-6.25
107.849,-6.23
107.917,-6.39
107.986,-6.46
108.056,-6.38
108.125,-6.52
108.195,-6.81
108.267,-6.89
108.34,-7.51
108.416,-6.36
108.487,-6.97
108.561,-6.53
108.632,-6.88
108.705,-6.36
108.776,-7.19
108.851,-6.43
108.922,-6.46
108.994,-7.74
109.072,-6.31
109.143,-5.81
109.211,-6.25
109.28,-6.08
109.349,-5.39
109.416,-7.04
109.49,-5.81
109.557,-5.62
109.624,-5.58
109.69,-5.61
109.756,-5.41
109.822,-5.01
109.885,-6.62
109.957,-5.67
110.025,-4.25
110.085,-5.35
110.151,-6.42
110.222,-5.62
110.29,-5.58
110.356,-4.47
110.419,-5.12
110.482,-5.27
110.548,-5.26
110.614,-5.57
110.681,-5.41
110.747,-4.78
110.811,-5.29
110.876,-4.8
110.94,-4.93
111.005,-5.45
111.071,-5.0
111.136,-4.96
111.2,-4.12
111.263,-5.73
111.33,-5.77
111.4,-4.69
111.465,-5.41
111.532,-5.19
111.598,-4.44
111.662,-5.43
111.729,-5.47
111.797,-5.25
111.865,-5.18
111.932,-4.83
111.997,-5.38
112.066,-5.62
112.135,-4.48
112.199,-4.6
112.263,-5.14
112.33,-5.63
112.4,-4.6
112.464,-4.15
112.527,-5.07
112.592,-4.02
112.654,-3.82
112.714,-4.36
112.777,-4.77
112.843,-4.64
112.907,-4.49
112.971,-4.09
113.034,-4.1
113.097,-5.08
113.162,-3.21
113.222,-3.64
113.281,-3.98
113.342,-3.53
113.403,-4.35
113.466,-4.62
113.531,-3.73
113.592,-3.42
113.652,-4.69
113.716,-3.26
113.776,-3.06
113.833,-2.82
113.889,-3.18
113.947,-3.03
114.004,-2.83
114.06,-2.87
114.116,-2.01
114.17,-3.14
114.227,-2.96
114.284,-3.08
114.342,-2.55
114.398,-2.02
114.452,-3.09
114.509,-3.31
114.569,-3.27
114.627,-2.69
114.684,-2.42
114.74,-1.63
114.792,-1.84
114.844,-2.49
114.899,-2.85
114.956,-2.17
115.01,-2.45
115.064,-0.96
115.115,-2.16
115.169,-1.92
115.223,-2.18
115.276,-1.21
115.327,-2.6
115.382,-2.12
115.436,-2.36
115.492,-2.23
115.546,-2.07
115.599,-1.62
115.652,-2.28
115.707,-2.6
115.762,-1.63
115.815,-1.42
115.868,-2.61
115.922,-1.71
115.976,-1.63
116.029,-2.56
116.085,-1.42
116.136,-1.73
116.189,-3.03
116.248,-1.55
116.3,-0.81
116.35,-1.21
116.4,-1.01
116.45,-1.24
116.5,-1.02
116.55,-1.6
116.602,-1.48
116.654,-1.19
116.704,-0.56
116.754,-1.32
116.805,-1.71
116.856,-0.3
116.905,-0.79
116.953,-0.43
117.001,-0.99
117.051,-1.56
117.102,0.04
117.149,-0.56
117.197,-0.5
117.245,-0.56
117.293,-0.32
117.34,0.34
117.385,-0.7
117.433,-0.76
117.482,-0.2
117.53,-0.39
117.577,-0.37
117.624,0.39
117.67,-0.5
117.717,-0.51
117.765,0.4
117.811,-0.41
117.857,0.09
117.905,-0.87
117.954,-0.65
118.001,1.38
118.044,0.73
118.087,1.14
118.129,0.05
118.175,-0.9
118.224,0.22
118.271,-0.32
118.319,-0.7
118.366,0.43
118.412,0.5
118.456,0.7
118.501,-0.49
118.549,0.16
118.595,-0.09
118.643,-0.35
118.691,-0.07
118.738,0.75
118.782,-0.19
118.829,0.29
118.874,0.41
118.918,1.33
118.962,0.16
119.005,1.6
119.048,0.56
119.092,0.61
119.136,0.32
119.182,0.19
119.227,0.72
119.272,0.28
119.317,0.3
119.363,0.87
119.408,-0.33
119.455,0.12
119.501,1.29
119.544,0.67
119.588,1.37
119.63,0.28
119.675,0.89
119.719,1.25
119.76,2.11
119.801,0.76
119.844,0.66
119.888,1.13
119.931,0.47
119.977,0.11
120.022,0.84
120.067,1.13
120.11,0.59
120.153,1.98
120.195,0.59
120.239,1.9
120.279,1.54
120.32,1.25
120.362,1.47
120.404,0.79
120.448,1.14
120.491,1.38
120.533,0.99
120.576,0.71
120.62,0.96
120.664,1.28
120.707,1.02
120.75,1.12
120.793,1.85
120.833,1.31
120.875,1.59
120.917,1.42
120.958,1.58
120.999,1.87
121.04,2.5
121.078,1.15
121.121,1.08
121.162,2.49
121.203,1.22
121.244,1.39
121.286,1.38
121.328,1.55
121.37,1.37
121.412,1.55
121.453,2.33
121.492,1.87
121.532,2.88
121.57,1.68
121.611,0.98
121.653,2.23
121.693,2.36
121.732,1.67
121.773,1.52
121.814,1.69
121.855,2.14
121.895,1.46
121.937,0.47
121.982,1.24
122.025,1.5
122.068,1.09
122.11,1.71
122.152,1.23
122.195,1.8
122.237,2.06
122.277,2.31
122.316,1.72
122.356,2.71
122.395,2.18
122.435,1.28
122.478,1.66
122.519,1.99
122.56,1.73
122.601,1.78
122.641,2.06
122.681,2.21
122.721,2.06
122.761,1.65
122.801,2.53
122.84,2.71
122.878,2.34
122.918,1.07
122.958,2.44
122.999,2.09
123.038,2.14
123.078,1.65
123.118,2.32
123.16,0.52
123.202,2.45
123.242,2.37
123.281,1.74
123.323,1.29
123.364,2.55
123.405,1.09
123.446,2.2
123.486,1.48
123.527,3.01
123.566,1.48
123.607,1.3
123.649,2.39
123.688,2.73
123.726,2.3
123.765,2.32
123.805,1.52
123.845,3.12
123.882,2.31
123.921,2.04
123.961,2.47
124.0,1.62
124.041,0.83
124.086,2.51
124.124,2.46
124.163,2.33
124.2,3.77
124.235,2.5
124.273,2.96
124.309,3.66
124.345,1.93
124.385,2.48
124.424,2.11
124.462,2.92
124.501,1.39
124.542,1.54
124.585,0.84
124.628,1.85
124.67,2.13
124.711,0.87
124.754,0.6
124.799,1.71
124.841,2.1
124.881,2.73
124.92,1.57
124.96,2.23
125.001,1.11
125.043,0.81
125.088,2.05
125.129,0.92
125.172,1.27
125.215,2.01
125.256,1.74
125.297,1.44
125.339,0.96
125.383,1.9
125.424,1.68
125.465,2.03
125.506,1.99
125.546,1.14
125.589,1.27
125.632,1.33
125.674,1.5
125.717,1.08
125.76,1.62
125.803,0.59
125.848,0.21
125.894,2.09
125.935,1.39
125.978,1.08
126.022,1.11
126.064,2.28
126.106,0.79
126.148,2.14
126.189,0.84
126.233,0.91
126.277,2.06
126.318,2.06
126.359,0.43
126.403,1.11
126.448,0.33
126.494,0.49
126.541,1.33
126.583,1.16
126.626,1.77
126.668,1.91
126.708,1.5
126.749,2.39
126.789,2.6
126.827,2.14
126.866,2.29
126.904,3.21
126.94,2.53
126.978,3.18
127.015,2.14
127.053,2.79
127.09,3.2
127.126,2.65
127.164,1.9
127.203,2.16
127.243,2.25
127.281,2.61
127.319,2.86
127.357,1.66
127.397,1.89
127.437,2.08
127.476,2.98
127.512,3.33
127.548,2.44
127.586,2.77
127.622,2.95
127.66,2.04
127.698,2.95
127.735,3.59
127.773,3.25
127.81,2.81
127.846,4.4
127.879,3.36
127.913,3.93
127.947,4.32
127.979,4.43
128.013,3.36
128.047,3.97
128.079,3.2
128.113,3.47
128.147,3.26
128.182,4.38
128.215,2.56
128.249,4.79
128.284,4.0
128.317,2.9
128.349,4.08
128.38,3.46
128.412,4.79
128.443,4.71
128.474,4.06
128.506,4.86
128.537,3.84
128.567,3.1
128.598,3.66
128.631,4.84
128.662,5.46
128.694,3.96
128.726,3.34
128.759,4.3
128.791,4.59
128.822,4.51
128.855,3.16
128.889,3.79
128.922,3.88
128.956,2.35
128.991,3.52
129.024,3.66
129.058,4.61
129.09,3.38
129.125,3.12
129.158,4.09
129.191,3.8
129.224,3.77
129.256,4.56
129.287,2.65
129.323,2.98
129.358,2.88
129.393,4.35
129.425,3.44
129.459,3.06
129.493,3.77
129.526,3.26
129.56,3.32
129.594,3.46
129.627,3.37
129.661,3.08
129.696,1.93
129.734,2.42
129.77,3.7
129.804,3.31
129.838,2.92
129.873,3.08
129.907,3.35
129.941,2.31
129.977,2.72
130.013,2.91
130.049,3.39
130.083,1.57
130.122,2.12
130.158,2.82
130.194,2.19
130.231,1.91
130.268,2.61
130.305,2.75
130.341,1.67
130.38,1.64
130.417,3.25
130.456,0.77
130.496,1.14
130.537,2.15
130.575,1.55
130.614,1.34
130.655,0.89
130.697,1.04
130.738,1.0
130.78,0.81
130.822,0.9
130.865,-0.18
130.91,0.42
130.954,0.63
130.998,0.46
131.041,0.4
131.085,0.77
131.128,0.35
131.173,-0.32
131.219,0.4
131.264,0.49
131.308,0.07
131.353,0.75
131.396,-0.23
131.442,-0.12
131.488,-1.67
131.541,-1.17
131.592,-0.69
131.641,-1.13
131.692,-1.09
131.742,-1.59
131.795,-1.52
131.848,-1.76
131.901,-1.78
131.955,-1.38
132.008,-2.85
132.066,-2.6
132.123,-1.52
132.177,-1.66
132.23,-1.33
132.282,-2.1
132.337,-2.32
132.393,-2.28
132.45,-3.15
132.506,-2.13
132.564,-3.14
132.624,-3.27
132.687,-2.73
132.746,-3.46
132.809,-3.27
132.871,-3.74
132.935,-3.55
133.0,-4.35
133.067,-4.13
133.134,-3.03
133.195,-3.21
133.258,-4.71
133.327,-4.68
133.397,-3.57
133.461,-2.99
133.524,-3.7
133.588,-4.48
133.658,-4.8
133.729,-5.32
133.803,-3.66
133.87,-5.02
133.941,-4.84
134.014,-5.18
134.087,-5.7
134.164,-4.65
134.236,-5.61
134.313,-5.48
134.389,-5.47
134.466,-5.89
134.545,-5.79
134.624,-5.76
134.703,-6.31
134.785,-6.07
134.866,-6.29
134.949,-6.88
135.036,-8.34
135.124,-6.99
135.213,-7.66
135.307,-7.77
135.402,-7.73
135.497,-7.8
135.593,-7.15
135.691,-6.83
135.779,-8.01
135.876,-7.47
135.968,-6.54
136.055,-7.39
136.147,-8.39
136.248,-7.89
136.345,-8.48
136.447,-8.73
136.552,-8.77
136.656,-8.27
136.752,-8.51
136.853,-8.12
136.953,-8.46
137.056,-8.68
137.159,-7.44
137.253,-7.46
137.347,-8.28
137.448,-8.11
137.547,-7.77
137.647,-8.35
137.743,-8.59
137.847,-8.19
137.947,-7.77
138.046,-8.33
138.147,-8.06
138.247,-8.49
138.351,-8.53
138.454,-7.93
138.554,-8.85
138.659,-9.01
138.763,-8.78
138.87,-9.43
138.983,-9.07
139.093,-8.94
139.201,-9.32
139.31,-8.77
139.417,-8.54
139.522,-8.57
139.627,-8.85
139.735,-9.14
139.845,-8.48
139.951,-9.13
140.06,-8.01
140.163,-9.19
140.273,-9.11
140.384,-8.47
140.488,-8.22
140.591,-9.06
140.701,-8.67
140.809,-9.02
140.919,-9.13
141.03,-9.17
141.142,-8.76
141.25,-8.84
141.359,-8.38
141.464,-8.81
141.573,-9.33
141.686,-8.0
141.787,-7.95
141.888,-8.51
141.993,-7.82
142.093,-8.42
142.198,-8.78
142.307,-9.29
142.42,-8.61
142.528,-8.71
142.636,-8.15
142.739,-8.27
142.843,-7.66
142.941,-8.23
143.045,-8.91
143.156,-8.84
143.266,-9.04
143.377,-8.04
143.479,-7.5
143.578,-8.51
143.684,-9.1
143.796,-8.35
143.903,-9.09
144.015,-8.87
144.125,-8.07
144.229,-7.64
144.328,-8.3
144.433,-8.34
144.538,-8.47
144.645,-7.93
144.748,-8.47
144.854,-8.27
144.959,-7.91
145.063,-8.96
145.173,-8.22
145.279,-8.1
145.382,-7.92
145.485,-8.99
145.597,-8.39
145.705,-8.8
145.816,-9.29
145.932,-8.82
146.043,-7.38
146.141,-8.09
146.245,-8.48
146.353,-8.33
146.459,-7.97
146.563,-8.18
146.665,-6.82
146.753,-8.33
146.857,-7.65
146.958,-7.9
147.06,-7.54
147.161,-8.26
147.267,-8.62
147.376,-8.78
147.488,-8.87
147.6,-8.49
147.71,-8.8
147.821,-8.07
147.926,-7.33
148.024,-7.35
148.123,-8.2
148.228,-7.66
148.327,-7.15
148.424,-7.94
148.527,-8.15
148.633,-8.38
148.741,-8.31
148.849,-7.65
148.951,-8.14
149.057,-8.31
149.164,-8.09
149.27,-8.49
149.379,-7.86
149.483,-7.86
149.586,-6.91
149.682,-7.84
149.784,-6.92
149.88,-7.14
149.976,-7.0
150.072,-6.96
150.167,-6.92
150.263,-7.17
150.36,-7.04
150.456,-7.55
150.557,-7.55
150.657,-7.31
150.757,-7.53
150.857,-7.43
150.958,-7.66
151.06,-7.77
151.163,-7.42
151.263,-7.16
151.362,-8.11
151.467,-7.01
151.565,-7.6
151.667,-7.7
151.77,-7.65
151.872,-7.76
151.976,-7.81
152.081,-7.93
152.186,-7.61
152.289,-7.43
152.389,-7.66
152.493,-7.4
152.593,-7.17
152.689,-7.45
152.791,-8.14
152.898,-7.83
152.991,-7.88
153.096,-7.88
153.202,-8.07
153.31,-8.65
153.423,-7.91
153.53,-7.89
153.636,-7.64
153.741,-7.97
153.848,-8.36
153.96,-9.1
154.078,-9.0
154.196,-8.03
154.305,-8.19
154.415,-8.43
154.527,-8.63
154.641,-9.28
154.762,-9.03
154.882,-8.72
154.998,-9.09
155.117,-8.93
155.235,-8.48
155.349,-8.53
155.464,-9.25
155.584,-8.36
155.697,-8.38
155.81,-8.62
155.925,-8.99
156.044,-9.92
156.174,-10.03
156.306,-9.58
156.436,-8.78
156.554,-8.96
156.674,-9.61
156.799,-8.53
156.915,-8.94
157.032,-8.77
157.149,-8.64
157.267,-9.52
157.392,-9.16
157.513,-8.27
157.627,-8.41
157.742,-8.82
157.856,-8.48
157.971,-9.04
158.092,-8.95
158.193,-9.02
158.293,-9.73
158.397,-9.07
158.497,-8.11
158.607,-7.92
158.713,-7.57
158.813,-7.29
158.911,-6.06
159.01,-6.52
159.105,-5.74
159.2,-6.86
159.298,-7.49
159.387,-6.99
159.49,-6.93
159.588,-7.3
159.692,-7.38
159.796,-7.58
159.897,-7.96
160.002,-7.46
160.106,-7.47
160.209,-7.39
160.323,-7.7
160.432,-7.57
160.539,-7.57
160.644,-8.17
160.756,-8.02
160.868,-8.1
160.981,-8.23
161.097,-8.0
161.21,-9.04
161.33,-8.87
161.443,-8.13
161.558,-7.24
161.663,-6.93
161.764,-7.54
161.877,-6.73
161.974,-6.62
162.077,-6.39
162.178,-6.47
162.278,-6.21
162.375,-6.91
162.476,-6.17
162.57,-7.32
162.672,-7.82
162.775,-6.83
162.877,-6.97
162.979,-6.88
163.08,-6.92
163.182,-7.45
163.289,-7.12
163.393,-8.58
163.506,-8.52
163.623,-7.4
163.731,-7.12
163.835,-8.4
163.953,-9.28
164.074,-8.93
164.198,-9.49
164.328,-9.12
164.453,-8.38
164.572,-8.62
164.692,-8.75
164.814,-8.54
164.934,-8.25
165.051,-9.19
165.177,-8.92
165.297,-8.64
165.417,-7.77
165.53,-8.19
165.646,-8.73
165.768,-8.39
165.887,-8.19
166.003,-8.0
166.119,-9.08
166.245,-8.54
166.358,-8.15
166.474,-7.63
166.585,-8.6
166.706,-8.34
166.824,-8.88
166.941,-7.38
167.05,-7.61
167.161,-7.54
167.271,-7.56
167.38,-7.34
167.482,-6.98
167.586,-7.95
167.7,-7.41
167.809,-7.16
167.915,-6.32
168.015,-6.79
168.117,-6.06
168.213,-5.83
168.309,-6.76
168.413,-7.09
168.516,-6.46
168.616,-6.68
168.719,-8.14
168.83,-7.89
168.937,-6.46
169.038,-6.58
169.139,-6.49
169.239,-6.79
169.343,-7.53
169.453,-7.63
169.565,-7.54
169.675,-6.64
169.778,-6.59
169.881,-8.03
169.996,-7.65
170.109,-7.91
170.226,-8.13
170.343,-8.31
170.457,-8.12
170.569,-8.27
170.682,-8.12
170.799,-8.18
170.916,-8.44
171.036,-8.56
171.157,-8.13
171.275,-8.28
171.395,-7.4
171.505,-6.97
171.61,-6.55
171.712,-6.03
171.81,-6.64
171.912,-5.92
172.009,-5.84
172.106,-6.68
172.208,-6.1
172.308,-7.1
172.415,-6.76
172.52,-7.45
172.632,-6.71
172.749,-7.46
172.861,-7.64
172.976,-8.46
173.097,-7.4
173.21,-8.14
173.329,-7.61
173.443,-8.17
173.565,-8.18
173.685,-8.7
173.811,-8.32
173.933,-8.07
174.053,-7.99
174.171,-8.12
174.291,-7.81
174.41,-8.38
174.528,-7.56
174.643,-7.98
174.761,-7.37
174.874,-7.87
174.991,-8.41
175.113,-7.46
175.228,-7.62
175.343,-7.95
175.461,-8.15
175.582,-8.89
175.712,-8.87
175.842,-9.23
175.976,-8.6
176.103,-8.53
176.229,-8.68
176.357,-8.87
176.487,-8.28
176.61,-8.28
176.728,-8.11
176.848,-6.94
176.958,-6.79
177.065,-5.61
177.165,-6.33
177.268,-6.84
177.375,-6.76
177.478,-6.61
177.584,-7.93
177.701,-5.84
177.801,-5.71
177.899,-5.4
177.994,-5.99
178.095,-5.85
178.195,-6.32
178.298,-6.54
178.404,-6.69
178.511,-5.93
178.613,-7.0
178.722,-6.92
178.832,-7.05
178.944,-7.46
179.06,-8.03
179.182,-8.68
179.308,-8.16
179.432,-8.83
179.562,-8.58
179.694,-8.2
179.819,-7.13
179.934,-8.95
180.063,-8.39
180.191,-7.47
180.309,-8.26
180.435,-8.6
180.566,-8.68
180.698,-9.02
180.829,-8.1
180.956,-8.49
181.086,-8.29
181.215,-9.0
181.351,-8.79
181.484,-8.32
181.603,-9.08
181.729,-9.06
181.868,-8.55
182.001,-9.24
182.133,-8.89
182.269,-8.02
182.408,-8.51
182.534,-8.41
182.663,-8.84
182.798,-8.74
182.929,-8.84
183.062,-8.77
183.195,-9.23
183.332,-8.32
183.461,-9.26
183.598,-9.2
183.74,-8.84
183.877,-8.31
184.009,-8.55
184.143,-8.35
184.276,-9.04
184.416,-8.82
184.554,-8.43
184.688,-9.15
184.831,-8.66
184.968,-8.35
185.101,-7.87
185.229,-7.51
185.353,-8.5
185.487,-8.41
185.622,-8.22
185.755,-8.34
185.888,-7.89
186.017,-7.84
186.145,-7.77
186.273,-7.65
186.398,-7.69
186.512,-7.33
186.634,-6.47
186.748,-7.03
186.867,-6.75
186.984,-6.63
187.099,-6.63
187.214,-5.54
187.32,-5.62
187.425,-5.83
187.532,-5.09
187.633,-5.02
187.732,-4.38
187.826,-3.89
187.916,-4.32
188.009,-4.03
188.102,-5.69
188.207,-5.69
188.314,-5.64
188.422,-5.57
188.528,-6.58
188.644,-6.12
188.757,-6.2
188.872,-6.62
188.989,-5.45
189.095,-6.11
189.207,-6.11
189.32,-6.73
189.439,-6.73
189.558,-6.27
189.674,-6.51
189.791,-6.66
189.911,-7.43
190.039,-6.31
190.155,-6.71
190.276,-7.02
190.4,-7.99
190.536,-8.01
190.672,-7.08
190.799,-8.06
190.936,-6.97
191.061,-7.18
191.188,-7.27
191.316,-6.74
191.44,-6.91
191.564,-6.28
191.682,-6.93
191.806,-5.48
191.917,-5.74
192.026,-4.75
192.127,-4.94
192.231,-4.67
192.332,-4.77
192.435,-6.51
192.556,-5.96
192.672,-6.64
192.795,-6.17
192.913,-6.02
193.029,-5.43
193.14,-6.58
193.264,-7.47
193.396,-6.6
193.521,-6.75
193.646,-6.81
193.77,-6.99
193.897,-6.22
194.019,-7.26
194.149,-5.95
194.269,-6.79
194.395,-6.2
194.515,-6.21
194.636,-5.98
194.754,-5.67
194.87,-6.57
194.994,-5.34
195.105,-4.88
195.213,-5.35
195.324,-5.06
195.434,-5.05
195.545,-5.35
195.642,-4.47
195.743,-5.15
195.853,-4.91
195.961,-4.93
196.068,-3.8
196.168,-4.96
196.275,-4.56
196.378,-4.9
196.483,-4.39
196.579,-4.81
196.686,-4.59
196.792,-4.2
196.893,-3.96
196.993,-3.87
197.092,-3.68
197.189,-3.2
197.282,-3.43
197.377,-3.57
197.474,-3.57
197.569,-3.0
197.656,-2.76
197.745,-3.1
197.838,-2.92
197.929,-2.86
198.019,-2.67
198.107,-2.16
198.193,-2.6
198.282,-3.61
198.376,-2.58
198.465,-2.74
198.554,-1.71
198.637,-1.81
198.715,-2.29
198.8,-2.86
198.891,-2.51
198.979,-2.19
199.065,-2.25
199.151,-2.38
199.238,-2.04
199.323,-2.46
199.41,-2.17
199.497,-2.28
199.583,-2.64
199.673,-2.68
199.762,-1.37
199.843,-1.73
199.926,-1.93
200.01,-2.29
200.096,-1.65
200.179,-2.55
200.268,-2.63
200.358,-2.43
200.448,-2.47
200.537,-2.41
200.624,-1.73
200.708,-2.21
200.795,-2.13
200.881,-2.26
200.969,-2.29
201.056,-1.42
201.138,-3.17
201.233,-2.51
201.324,-2.1
201.409,-1.78
201.493,-1.68
201.577,-2.5
201.667,-2.94
201.76,-2.94
201.854,-3.22
201.95,-2.92
202.045,-3.88
202.147,-3.7
202.249,-3.69
202.35,-3.24
202.447,-3.69
202.549,-4.33
202.656,-4.14
202.762,-3.58
202.864,-4.67
202.975,-4.93
203.089,-4.71
203.201,-4.22
203.31,-5.14
203.426,-4.11
203.534,-4.74
203.647,-4.82
203.761,-4.48
203.871,-4.21
203.98,-4.92
204.097,-4.78
204.211,-4.09
204.319,-4.34
204.428,-4.02
204.537,-3.34
204.637,-3.93
204.743,-4.54
204.854,-3.97
204.961,-3.31
205.061,-3.43
205.164,-3.35
205.264,-3.4
205.365,-3.4
205.465,-2.67
205.562,-3.89
205.665,-3.0
205.764,-3.02
205.862,-3.41
205.963,-3.53
206.065,-3.29
206.166,-3.24
206.266,-3.01
206.364,-2.6
206.458,-2.22
206.552,-3.06
206.649,-3.23
206.749,-2.75
206.845,-3.77
206.949,-2.98
207.048,-2.89
207.144,-2.94
207.242,-3.08
207.341,-3.27
207.441,-2.76
207.537,-2.98
207.634,-2.46
207.724,-2.39
207.815,-2.29
207.908,-2.87
208.004,-2.35
208.097,-2.41
208.19,-2.19
208.281,-2.62
208.376,-2.61
208.471,-2.74
208.566,-1.95
208.655,-1.69
208.743,-2.24
208.834,-2.38
208.926,-1.64
209.013,-1.67
209.1,-2.32
209.192,-1.8
209.28,-2.53
209.374,-2.19
209.464,-1.4
209.55,-2.39
209.642,-1.46
209.728,-2.24
209.818,-1.35
209.904,-1.77
209.991,-1.49
210.076,-1.84
210.157,-0.24
210.234,-1.39
210.319,-1.55
210.404,-1.27
210.488,-1.29
210.571,-2.21
210.658,-1.8
210.746,-2.43
210.838,-2.01
210.927,-1.12
211.01,-1.11
211.092,-1.76
211.18,-2.33
211.27,-1.07
211.354,-1.39
211.438,-2.06
211.527,-2.05
211.616,-2.48
211.701,-2.01
211.786,-2.34
211.878,-2.03
211.967,-1.74
212.055,-2.01
212.143,-1.5
212.229,-2.75
212.324,-2.14
212.415,-2.62
212.509,-2.59
212.603,-2.27
212.692,-1.81
212.779,-1.99
212.868,-2.0
212.957,-2.3
213.048,-1.89
213.136,-1.58
213.223,-2.38
213.314,-1.96
213.403,-1.93
213.491,-2.75
213.583,-2.7
213.678,-3.02
213.775,-1.98
213.864,-1.41
213.949,-1.76
214.036,-2.67
214.127,-2.5
214.219,-1.86
214.308,-2.59
214.401,-2.09
214.491,-1.81
214.58,-1.98
214.667,-1.92
214.756,-1.83
214.843,-1.39
214.924,-2.25
215.011,-1.0
215.093,-1.39
215.176,-1.17
215.258,-1.77
215.342,-1.64
215.428,-1.7
215.514,-1.46
215.599,-2.25
215.687,-2.01
215.775,-2.51
215.866,-2.22
215.956,-2.39
216.049,-2.5
216.142,-2.9
216.238,-3.19
216.338,-2.82
216.434,-2.89
216.531,-2.78
216.627,-2.95
216.725,-3.72
216.828,-3.72
216.93,-4.04
217.038,-4.11
217.147,-4.0
217.255,-4.45
217.367,-4.0
217.475,-3.5
217.58,-4.87
217.696,-4.77
217.812,-4.66
217.927,-4.23
218.038,-5.39
218.163,-5.88
218.292,-5.0
218.412,-5.25
218.534,-5.45
218.66,-5.16
218.782,-5.23
218.904,-4.8
219.022,-4.96
219.14,-5.88
219.27,-5.51
219.394,-5.08
219.515,-5.29
219.637,-6.11
219.771,-5.98
219.904,-6.08
220.04,-5.69
220.17,-6.34
220.306,-6.34
220.444,-6.89
220.589,-6.52
220.73,-6.92
220.875,-6.74
221.019,-6.96
221.166,-7.47
221.319,-7.03
221.469,-8.77
221.639,-8.16
221.809,-7.38
221.963,-7.01
222.113,-7.57
222.276,-8.08
222.441,-8.2
222.609,-8.16
222.777,-8.07
222.947,-8.72
223.119,-8.15
223.287,-8.7
223.46,-7.99
223.627,-8.69
223.804,-8.57
223.977,-8.65
224.155,-8.08
224.325,-8.56
224.501,-8.07
224.669,-7.98
224.838,-8.01
225.003,-7.46
225.165,-7.76
225.331,-7.96
225.499,-6.52
225.649,-6.64
225.799,-6.36
225.944,-6.02
226.085,-5.19
226.215,-4.55
226.342,-6.13
226.489,-5.75
226.628,-6.53
226.774,-6.24
226.918,-5.78
227.06,-6.48
227.211,-6.43
227.363,-7.36
227.526,-7.57
227.692,-7.77
227.862,-7.21
228.026,-7.83
228.199,-8.31
228.38,-8.18
228.56,-8.33
228.743,-8.15
228.923,-8.12
229.102,-7.51
229.272,-7.23
229.438,-5.87
229.585,-6.27
229.736,-4.89
229.872,-6.92
230.032,-6.51
230.189,-6.53
230.347,-7.69
230.522,-7.72
230.698,-7.59
230.872,-7.32
231.047,-7.46
231.22,-7.1
231.388,-6.87
231.552,-6.67
231.714,-6.54
231.874,-6.0
232.026,-5.97
232.182,-5.48
232.328,-6.16
232.483,-6.01
232.636,-6.07
232.791,-6.09
232.945,-5.78
233.097,-6.03
233.251,-5.65
233.401,-5.81
233.551,-4.76
233.691,-5.1
233.831,-4.94
233.971,-4.66
234.109,-4.79
234.247,-4.92
234.388,-4.85
234.528,-4.89
234.668,-4.53
234.805,-4.61
234.942,-3.4
235.065,-3.88
235.193,-3.42
235.316,-3.43
235.439,-3.51
235.563,-3.25
235.685,-3.95
235.814,-3.6
235.94,-3.31
236.061,-2.73
236.178,-2.08
236.29,-3.13
236.409,-2.61
236.525,-2.85
236.642,-2.11
236.752,-2.83
236.868,-2.41
236.981,-2.8
237.098,-3.07
237.217,-2.39
237.332,-2.43
237.445,-2.13
237.556,-2.89
237.673,-2.74
237.79,-2.59
237.904,-1.99
238.013,-2.01
238.122,-2.45
238.235,-2.91
238.352,-2.09
238.463,-2.33
238.574,-1.86
238.685,-2.5
238.789,-1.58
238.896,-1.78
239.0,-1.65
239.111,-2.41
239.225,-2.38
239.328,-1.41
239.439,-2.39
239.553,-2.62
239.663,-2.26
239.769,-1.87
239.866,-0.57
239.961,-1.12
240.061,-1.59
240.163,-0.99
240.262,-1.0
240.36,-0.72
240.457,-1.06
240.555,-1.22
240.655,-0.81
240.752,-0.26
240.844,-0.52
240.937,-0.56
241.031,-0.01
241.12,0.29
241.207,0.38
241.293,0.38
241.379,1.03
241.461,0.09
241.547,1.17
241.628,0.51
241.711,1.72
241.787,2.46
241.858,2.56
241.928,2.2
241.999,1.98
242.072,2.73
242.141,1.96
242.214,2.21
242.286,2.71
242.355,2.31
242.425,2.42
242.496,2.06
242.568,1.84
242.642,1.91
242.715,1.89
242.789,1.08
242.867,2.2
242.94,1.81
243.014,1.57
243.09,1.14
243.169,0.74
243.25,0.63
243.333,0.36
243.414,1.01
243.495,0.99
243.574,1.19
243.653,0.87
243.735,0.21
243.821,-0.12
243.909,-0.21
243.999,-0.36
244.089,-1.25
244.187,-1.66
244.289,-2.32
244.398,-2.13
244.505,-1.83
244.609,-2.41
244.718,-2.42
244.828,-3.05
244.944,-2.83
245.059,-3.21
245.177,-3.45
245.298,-3.43
245.42,-4.49
245.552,-3.77
245.677,-4.22
245.808,-5.07
245.948,-4.42
246.082,-5.22
246.225,-5.68
246.375,-5.92
246.528,-6.4
246.688,-7.56
246.862,-6.94
247.031,-6.8
247.198,-7.22
247.366,-6.01
247.522,-5.52
247.677,-5.99
247.832,-6.58
247.992,-5.67
248.142,-5.66
248.293,-5.6
248.443,-6.29
248.602,-5.85
248.755,-5.97
248.911,-6.65
249.075,-6.26
249.235,-6.32
249.396,-6.95
249.566,-6.91
249.736,-7.43
249.915,-7.32
250.092,-7.93
250.279,-7.29
250.456,-7.76
250.637,-7.8
250.822,-7.49
251.002,-7.46
251.182,-7.45
251.358,-7.23
251.534,-7.54
251.719,-8.29
251.915,-8.57
252.115,-8.28
252.31,-8.12
252.503,-8.33
252.699,-7.6
252.883,-8.33
253.079,-7.89
253.269,-8.48
253.468,-8.38
253.665,-7.68
253.852,-7.55
254.035,-7.48
254.217,-7.17
254.395,-7.99
254.586,-8.2
254.781,-7.77
254.969,-7.47
255.152,-7.85
255.341,-7.88
255.531,-7.72
255.719,-8.92
255.917,-7.99
256.11,-7.71
256.298,-7.69
256.48,-7.12
256.658,-6.99
256.833,-7.68
257.02,-7.16
257.199,-6.93
257.375,-8.13
257.568,-7.29
257.75,-6.98
257.926,-7.17
258.105,-6.82
258.278,-6.59
258.448,-6.02
258.61,-6.7
258.781,-7.43
258.965,-7.2
259.145,-7.51
259.331,-8.38
259.532,-7.36
259.716,-7.27
259.898,-7.35
260.085,-7.99
260.281,-8.42
260.483,-7.96
260.679,-8.06
260.874,-6.68
261.049,-7.29
261.231,-7.01
261.411,-7.46
261.597,-7.95
261.792,-8.35
261.995,-7.87
262.19,-7.41
262.376,-7.53
262.565,-7.86
262.758,-7.0
262.939,-7.91
263.134,-7.04
263.315,-6.2
263.483,-6.16
263.649,-6.17
263.817,-6.9
263.994,-6.54
264.168,-6.83
264.345,-7.31
264.531,-6.98
264.712,-6.72
264.889,-7.39
265.077,-7.45
265.266,-7.52
265.457,-7.24
265.643,-7.54
265.834,-7.76
266.036,-7.81
266.24,-8.29
266.459,-8.15
266.675,-7.9
266.88,-7.34
267.077,-8.21
267.285,-8.68
267.5,-8.77
267.718,-8.92
267.939,-8.28
268.147,-8.49
268.359,-8.45
268.571,-8.54
268.785,-8.55
269.0,-8.88
269.222,-8.65
269.439,-8.95
269.663,-9.13
269.891,-8.51
270.107,-9.25
270.337,-8.54
270.553,-8.41
270.768,-8.98
270.994,-9.55
271.232,-9.16
271.463,-9.09
271.693,-9.36
271.928,-9.34
272.164,-9.23
272.397,-9.38
272.635,-9.06
272.866,-9.32
273.102,-9.31
273.338,-8.98
273.569,-9.17
273.803,-9.05
274.035,-9.11
274.268,-9.05
274.501,-8.56
274.724,-8.97
274.955,-8.58
275.179,-8.95
275.41,-9.02
275.644,-8.28
275.861,-7.89
276.073,-8.16
276.289,-8.58
276.514,-8.99
276.748,-8.38
276.971,-8.95
277.205,-9.38
277.448,-8.22
277.668,-7.76
277.879,-7.75
278.089,-8.26
278.31,-8.41
278.535,-9.3
278.778,-7.89
278.993,-8.05
279.212,-8.57
279.44,-8.12
279.66,-8.04
279.878,-7.33
280.083,-6.81
280.278,-6.53
280.467,-5.57
280.639,-6.62
280.831,-7.12
281.032,-6.75
281.222,-7.19
281.419,-7.82
281.633,-7.38
281.841,-6.89
282.033,-6.73
282.228,-6.74
282.423,-6.39
282.612,-6.55
282.804,-6.18
282.99,-6.31
283.178,-5.95
283.36,-5.98
283.543,-5.85
283.723,-5.67
283.902,-6.21
284.088,-5.97
284.271,-5.69
284.45,-5.66
284.628,-5.83
284.809,-5.71
284.989,-5.71
285.168,-6.61
285.361,-5.28
285.535,-5.55
285.713,-5.35
285.89,-5.77
286.07,-5.17
286.241,-5.24
286.413,-5.0
286.58,-5.27
286.75,-5.61
286.927,-4.9
287.094,-5.56
287.268,-5.35
287.444,-4.99
287.613,-4.9
287.781,-5.02
287.948,-4.57
288.111,-4.69
288.267,-5.0
288.426,-4.79
288.596,-5.15
288.767,-4.77
288.928,-5.06
289.102,-5.21
289.264,-5.01
289.432,-4.97
289.599,-4.99
289.762,-4.31
289.918,-4.07
290.067,-3.83
290.22,-3.84
290.374,-4.33
290.534,-4.57
290.698,-4.4
290.857,-4.97
291.018,-5.12
291.181,-5.31
291.358,-5.73
291.541,-6.43
291.727,-5.41
291.906,-5.72
292.09,-6.17
292.283,-6.7
292.485,-6.29
292.68,-6.41
292.879,-6.14
293.073,-6.98
293.281,-7.27
293.486,-7.76
293.711,-7.58
293.933,-7.14
294.146,-6.4
294.346,-7.53
294.568,-7.63
294.792,-8.07
295.018,-7.62
295.243,-7.22
295.454,-7.2
295.67,-6.68
295.876,-6.17
296.072,-4.93
296.249,-5.66
296.436,-5.87
296.63,-6.37
296.831,-6.95
297.04,-7.05
297.258,-7.38
297.48,-8.03
297.695,-7.35
297.896,-7.81
298.128,-7.6
298.356,-7.15
298.576,-7.24
298.79,-6.68
299.001,-6.54
299.209,-6.37
299.415,-6.63
299.626,-6.57
299.836,-5.99
300.035,-5.87
300.232,-5.57
300.424,-4.91
300.609,-5.93
300.808,-6.31
301.015,-6.57
301.227,-7.14
301.451,-7.69
301.668,-7.06
301.891,-7.07
302.116,-7.01
302.339,-5.94
302.542,-6.23
302.751,-6.39
302.963,-6.12
303.17,-5.68
303.369,-5.25
303.562,-5.82
303.763,-4.73
303.954,-5.42
304.148,-5.1
304.329,-5.39
304.524,-5.2
304.716,-4.85
304.906,-5.27
305.1,-4.67
305.284,-3.95
305.456,-4.25
305.633,-4.57
305.817,-5.42
306.014,-5.28
306.211,-5.47
306.41,-5.06
306.604,-5.8
306.807,-6.66
307.031,-7.59
307.269,-6.99
307.491,-6.79
307.72,-6.56
307.945,-6.38
308.167,-6.02
308.382,-5.53
308.588,-6.12
308.805,-5.76
309.017,-5.33
309.223,-5.7
309.434,-5.84
309.649,-6.36
309.873,-5.44
310.082,-5.77
310.297,-5.4
310.506,-5.97
310.725,-5.21
310.931,-5.19
311.133,-5.41
311.337,-5.51
311.542,-5.33
311.755,-4.92
311.954,-5.11
312.16,-4.43
312.356,-4.76
312.558,-5.11
312.765,-4.05
312.956,-4.03
313.146,-4.4
313.342,-3.43
313.523,-3.9
313.71,-2.85
313.883,-3.8
314.07,-3.46
314.252,-3.22
314.43,-3.67
314.616,-3.23
314.796,-2.84
314.968,-2.5
315.136,-3.62
315.322,-3.84
315.512,-2.28
315.679,-2.6
315.849,-2.05
316.011,-1.61
316.166,-1.27
316.317,-2.69
316.488,-2.99
316.666,-2.95
316.844,-3.12
317.025,-3.2
317.209,-3.57
317.398,-3.44
317.586,-3.65
317.777,-3.29
317.964,-3.6
318.156,-4.22
318.359,-4.41
318.568,-5.3
318.794,-4.57
319.006,-4.41
319.216,-4.37
319.426,-4.45
319.637,-4.41
319.848,-4.03
320.053,-3.81
320.254,-4.24
320.462,-3.39
320.657,-3.14
320.846,-2.98
321.033,-3.08
321.222,-2.08
321.396,-2.9
321.581,-2.37
321.76,-2.44
321.939,-2.24
322.115,-1.93
322.287,-1.92
322.458,-1.35
322.621,-1.52
322.787,-1.88
322.957,-1.21
323.119,-1.13
323.279,-0.93
323.437,-0.76
323.592,-1.4
323.755,-0.43
323.907,-0.84
324.063,-0.34
324.212,0.13
324.356,0.08
324.5,-0.23
324.648,-0.56
324.8,-0.16
324.948,-0.24
325.096,-0.08
325.242,0.19
325.385,-0.55
325.529,0.44
325.668,0.85
325.802,0.72
325.938,1.31
326.067,0.56
326.203,0.57
326.341,0.31
326.48,0.57
326.617,0.61
326.75,0.43
326.887,0.16
327.025,0.7
327.161,0.39
327.298,0.46
327.432,0.41
327.56,1.04
327.685,1.19
327.818,0.57
327.949,0.79
328.083,0.7
328.217,0.8
328.351,0.66
328.477,1.36
328.604,1.36
328.733,1.11
328.864,1.0
329.001,0.41
329.141,0.2
329.275,0.79
329.415,0.1
329.551,0.78
329.684,0.49
329.82,0.47
329.952,0.77
330.083,0.92
330.213,0.96
330.343,0.97
330.482,0.15
330.616,0.71
330.753,0.32
330.89,0.35
331.036,-0.34
331.179,-0.1
331.322,-0.12
331.461,0.05
331.599,0.26
331.725,1.03
331.849,1.02
331.979,0.88
332.097,1.79
332.217,1.83
332.33,2.01
332.442,2.32
332.549,2.77
332.653,3.27
332.762,2.53
332.872,2.54
332.976,3.19
333.079,3.19
333.179,3.48
333.277,3.75
333.379,3.34
333.485,3.23
333.59,3.35
333.697,2.9
333.803,3.01
333.902,3.7
334.0,3.62
334.103,2.9
334.207,3.09
334.316,2.69
334.422,2.87
334.528,2.81
334.642,2.04
334.763,1.6
334.88,1.61
335.0,1.36
335.12,1.15
335.25,0.53
335.376,0.8
335.514,-0.07
335.655,-0.62
335.798,-0.66
335.947,-0.95
336.098,-1.48
336.26,-1.92
336.426,-2.14
336.591,-2.17
336.762,-2.65
336.937,-2.94
337.117,-2.78
337.296,-3.17
337.478,-3.16
337.667,-3.5
337.864,-3.98
338.064,-4.12
338.274,-4.6
338.492,-5.07
338.724,-5.68
338.953,-5.5
339.19,-5.95
339.435,-6.21
339.69,-6.55
339.949,-6.96
340.22,-7.1
340.5,-7.71
340.798,-8.39
341.121,-9.18
341.454,-9.56
341.774,-8.99
342.103,-9.22
342.448,-9.66
342.761,-8.98
343.098,-9.14
343.404,-8.33
343.728,-9.03
344.041,-8.62
344.368,-8.85
344.688,-8.84
345.001,-8.53
345.317,-8.69
345.623,-8.29
345.934,-8.43
346.257,-8.88
346.557,-8.01
346.868,-8.46
347.181,-8.49
347.466,-7.44
347.769,-8.14
348.09,-8.74
348.408,-8.61
348.707,-8.0
348.969,-6.52
349.26,-7.73
349.54,-7.2
349.821,-7.28
350.106,-7.36
350.41,-8.1
350.702,-7.61
351.0,-7.83
351.3,-7.89
351.6,-7.87
351.895,-7.72
352.195,-7.86
352.494,-7.97
352.794,-7.63
353.09,-7.59
353.379,-7.4
353.67,-7.94
353.958,-7.55
354.272,-8.15
354.6,-8.58
354.935,-8.79
355.274,-9.0
355.609,-8.87
355.944,-8.87
356.268,-8.52
356.594,-8.57
356.927,-8.78
357.259,-8.7
357.598,-8.94
357.935,-8.99
358.282,-8.8
358.614,-8.41
358.947,-8.52
359.281,-8.7
359.599,-7.84
359.931,-8.6
360.248,-7.84
360.585,-8.74
360.892,-7.69
361.223,-8.39
361.534,-7.89
361.835,-7.4
362.15,-7.61
362.473,-8.26
362.766,-7.07
363.06,-6.07
363.354,-7.11
363.66,-7.55
363.958,-7.2
364.264,-7.46
364.592,-8.14
364.919,-8.19
365.224,-7.36
365.526,-7.23
365.836,-7.58
366.147,-7.55
366.456,-7.46
366.774,-7.8
367.084,-7.5
367.388,-7.18
367.688,-6.73
367.993,-7.38
368.303,-7.64
368.64,-8.29
368.963,-7.82
369.275,-7.4
369.586,-7.36
369.881,-6.77
370.184,-7.04
370.488,-7.06
370.768,-6.17
371.057,-6.49
371.345,-6.46
371.633,-6.39
371.921,-6.44
372.202,-6.11
372.472,-5.7
372.725,-4.96
372.989,-5.42
373.266,-5.9
373.551,-6.16
373.845,-6.49
374.151,-6.86
374.489,-7.94
374.825,-7.78
375.158,-7.66
375.486,-7.45
375.809,-7.26
376.132,-7.22
376.45,-7.01
376.753,-6.46
377.062,-6.67
377.364,-6.46
377.67,-6.5
377.965,-6.2
378.283,-6.85
378.588,-6.35
378.883,-5.93
379.174,-5.81
379.465,-5.76
379.748,-5.44
380.019,-4.91
380.291,-4.97
380.571,-5.28
380.846,-5.02
381.118,-4.92
381.38,-4.42
381.644,-4.6
381.912,-3.76
382.178,-4.52
382.468,-5.15
382.754,-5.24
383.036,-5.09
383.342,-5.97
383.645,-5.87
383.956,-6.06
384.256,-5.63
384.549,-5.37
384.839,-5.18
385.107,-4.36
385.389,-4.88
385.673,-4.93
385.943,-4.31
386.207,-4.32
386.469,-3.29
386.716,-2.67
386.977,-3.88
387.253,-4.56
387.537,-4.74
387.839,-5.35
388.144,-5.37
388.467,-5.99
388.788,-5.86
389.137,-6.7
389.481,-6.48
389.805,-5.8
390.135,-5.98
390.448,-5.35
390.743,-4.68
391.04,-4.73
391.345,-4.96
391.644,-4.7
391.942,-4.65
392.231,-4.26
392.515,-4.03
392.79,-3.67
393.057,-3.33
393.325,-3.32
393.58,-2.78
393.832,-2.61
394.079,-2.37
394.328,-2.43
394.568,-2.0
394.815,-2.3
395.057,-2.1
395.281,-1.12
395.501,-0.98
395.737,-1.71
395.965,-1.31
396.192,-1.23
396.413,-0.95
396.635,-0.93
396.846,-0.4
397.058,-0.45
397.267,-0.25
397.477,-0.28
397.677,0.29
397.885,-0.2
398.095,-0.22
398.319,-0.94
398.537,-0.57
398.735,0.47
398.935,0.36
399.131,0.64
399.34,-0.07
399.543,0.31
399.746,0.39
399.946,0.51
400.143,0.7
400.332,1.16
400.514,1.6
400.704,1.15
400.901,0.83
401.094,0.98
401.276,1.78
401.46,1.62
401.644,1.63
401.83,1.57
402.015,1.58
402.192,2.18
402.38,1.49
402.563,1.79
402.741,2.14
402.917,2.2
403.088,2.62
403.267,2.12
403.444,2.27
403.624,2.01
403.803,2.2
403.984,1.9
404.171,1.64
404.348,2.41
404.529,2.1
404.714,1.88
404.9,1.78
405.08,2.22
405.264,1.56
405.441,2.41
405.617,2.49
405.79,2.65
405.962,2.71
406.142,2.22
406.33,1.79
406.508,2.44
406.69,2.27
406.86,3.15
407.031,2.9
407.215,2.19
407.384,2.9
407.567,2.06
407.746,2.45
407.922,2.67
408.105,2.17
408.292,1.99
408.483,1.77
408.669,1.83
408.849,2.09
409.028,2.21
409.217,1.73
409.402,2.13
409.588,1.8
409.781,1.73
409.98,1.57
410.174,1.58
410.374,1.72
410.577,1.47
410.778,1.72
410.986,1.47
411.194,1.37
411.402,1.64
411.605,0.95
411.817,0.72
412.046,0.44
412.277,0.49
412.507,0.43
412.739,0.08
412.977,0.66
413.198,0.48
413.432,0.23
413.669,0.68
413.902,0.57
414.139,-0.08
414.392,0.26
414.639,0.43
414.882,0.17
415.132,0.12
415.384,0.61
415.626,0.31
415.875,0.31
416.125,0.1
416.38,0.63
416.624,0.33
416.874,0.67
417.118,0.83
417.358,0.38
417.608,0.32
417.86,0.61
418.106,0.08
418.364,0.01
418.624,-0.28
418.889,-0.32
419.133,-0.24
419.398,-0.35
419.666,-0.09
419.929,-0.62
420.203,-0.48
420.474,-0.29
420.741,-0.59
421.013,-0.75
421.29,-1.37
421.582,-1.43
421.871,-1.72
422.171,-1.87
422.475,-1.55
422.768,-1.51
423.056,-2.21
423.359,-2.59
423.669,-2.1
423.963,-2.34
424.263,-1.29
424.536,-0.24
424.784,0.09
425.027,-0.29
425.277,-0.99
425.537,-1.9
425.813,-1.85
426.09,-2.13
426.39,-2.67
426.715,-2.29
427.02,-2.93
427.343,-3.95
427.684,-4.7
428.065,-4.63
428.444,-5.83
428.868,-6.05
429.259,-6.61
429.718,-6.79
430.187,-7.58
430.693,-8.1
431.226,-8.19
431.767,-8.19
432.326,-8.19
432.87,-8.39
433.425,-8.12
433.969,-8.58
434.472,-8.17
435.023,-8.49
435.592,-8.03
436.141,-8.91
436.726,-9.63
437.267,-9.25
437.827,-9.6
438.423,-8.8
439.039,-9.19
439.625,-9.15
440.206,-9.04
440.798,-9.07
441.388,-8.73
441.954,-8.33
442.535,-8.42
443.12,-7.91
443.682,-7.15
444.216,-7.77
444.785,-7.45
445.342,-7.45
445.9,-7.65
446.471,-7.48
447.034,-6.15
447.536,-6.32
448.047,-6.56
448.573,-7.58
449.151,-7.28
449.719,-7.26
450.288,-7.65
450.881,-7.92
451.492,-6.7
452.042,-7.07
452.613,-7.89
453.229,-7.24
453.816,-6.34
454.4,-6.81
454.969,-7.01
455.55,-7.39
456.156,-8.21
456.813,-8.92
457.519,-8.7
458.216,-8.83
458.942,-8.8
459.652,-8.47
460.344,-8.34
461.031,-8.24
461.713,-7.45
462.35,-7.15
462.97,-7.63
463.62,-7.65
464.257,-8.08
464.951,-8.44
465.657,-8.5
466.367,-8.17
467.058,-8.03
467.74,-8.64
468.461,-7.58
469.115,-6.47
469.706,-7.26
470.337,-6.3
470.916,-5.18
471.435,-4.83
471.934,-4.0
472.392,-4.62
472.88,-5.5
473.409,-6.17
473.97,-7.01
474.576,-6.89
475.16,-5.75
475.696,-5.09
476.2,-4.61
476.679,-4.19
477.138,-3.95
477.586,-4.64
478.062,-5.19
478.562,-5.98
479.099,-5.73
479.623,-5.15
480.119,-4.95
480.605,-4.76
481.081,-4.94
481.571,-4.53
482.035,-4.34
482.489,-3.97
482.928,-4.15
483.371,-3.74
483.798,-3.76
484.225,-3.36
484.635,-3.54
485.051,-3.44
485.462,-3.39
485.87,-3.42
486.279,-3.22
486.679,-2.76
487.062,-2.75
487.444,-2.56
487.817,-2.4
488.185,-2.57
488.555,-1.36
488.889,-2.51
489.256,-2.39
489.62,-2.25
489.978,-2.31
490.338,-2.44
490.701,-2.81
491.076,-3.03
491.456,-3.25
491.845,-3.25
492.234,-3.42
492.628,-3.42
493.022,-3.5
493.416,-3.23
493.802,-3.93
494.208,-3.75
494.6,-3.78
495.001,-3.78
495.401,-3.79
495.8,-3.58
496.19,-3.74
496.584,-3.78
496.978,-3.97
497.376,-3.66
497.762,-3.97
498.157,-3.83
498.545,-3.93
498.934,-3.77
499.316,-3.72
499.694,-4.3
500.09,-4.25
500.482,-4.31
500.875,-4.41
501.269,-4.45
501.663,-4.81
502.067,-4.16
502.446,-4.43
502.832,-4.45
503.217,-4.37
503.596,-4.21
503.968,-4.46
504.346,-4.0
504.708,-4.4
505.08,-5.04
505.474,-5.32
505.875,-5.21
506.271,-4.91
506.654,-4.7
507.027,-4.63
507.396,-4.52
507.758,-4.55
508.12,-4.9
508.493,-6.0
508.902,-5.94
509.308,-5.73
509.704,-5.78
510.1,-5.55
510.487,-5.67
510.876,-5.76
511.267,-5.83
511.658,-5.86
512.049,-5.63
512.432,-5.53
512.809,-5.49
513.185,-5.62
513.563,-5.38
513.933,-4.77
514.282,-4.84
514.633,-5.0
514.989,-4.98
515.343,-4.46
515.681,-4.08
516.006,-4.01
516.329,-4.48
516.666,-4.31
516.998,-4.28
517.329,-3.51
517.637,-4.01
517.96,-3.46
518.267,-3.59
518.578,-3.47
518.885,-3.45
519.193,-3.23
519.495,-3.48
519.804,-3.41
520.111,-3.75
520.416,-3.45
520.726,-3.12
521.027,-3.94
521.353,-3.4
521.664,-3.47
521.978,-3.4
522.29,-3.58
522.61,-4.84
522.969,-4.55
523.321,-4.61
523.675,-4.3
524.022,-4.51
524.375,-4.29
524.728,-4.84
525.099,-4.35
525.452,-4.64
525.808,-4.93
526.184,-4.86
526.559,-4.82
526.935,-4.42
527.299,-4.9
527.683,-4.58
528.056,-4.31
528.422,-4.14
528.783,-4.44
529.157,-4.5
529.534,-5.18
529.939,-5.43
530.357,-6.07
530.804,-6.75
531.284,-7.33
531.795,-7.12
532.302,-7.71
532.841,-7.48
533.375,-7.71
533.926,-7.24
534.459,-7.2
534.994,-6.64
535.508,-6.99
536.044,-6.76
536.575,-6.82
537.113,-6.76
537.652,-6.47
538.194,-7.53
538.784,-7.77
539.391,-7.56
539.991,-7.46
540.589,-7.55
541.188,-7.43
541.788,-7.28
542.381,-7.1
542.964,-7.24
543.554,-7.35
544.149,-7.64
544.758,-8.13
545.367,-8.12
545.985,-8.14
546.604,-7.91
547.202,-7.17
547.746,-6.82
548.28,-7.17
548.818,-7.2
549.348,-6.81
549.855,-6.14
550.322,-5.35
550.761,-5.58
551.208,-6.28
551.673,-6.48
552.129,-6.94
552.607,-6.29
553.047,-6.23
553.481,-5.42
553.874,-5.07
554.25,-4.68
554.604,-4.52
554.948,-4.04
555.265,-3.35
555.563,-3.09
555.844,-3.25
556.126,-4.67
556.411,-4.21
556.719,-4.41
557.013,-5.07
557.308,-4.95
557.616,-5.38
557.911,-5.49
558.214,-5.66
558.514,-6.15
558.823,-6.86
559.133,-6.77
559.461,-6.48
559.778,-5.75
560.077,-5.48
560.352,-5.43
560.625,-5.21
560.89,-5.0
561.149,-4.65
561.404,-4.49
561.649,-4.64
561.889,-4.07
562.13,-4.0
562.357,-3.7
562.582,-3.66
562.799,-3.4
563.015,-3.33
563.225,-3.06
563.433,-3.22
563.636,-2.81
563.841,-2.87
564.039,-2.59
564.238,-2.49
564.432,-2.21
564.627,-2.58
564.815,-2.05
564.994,-2.07
565.179,-2.21
565.365,-2.27
565.554,-2.08
565.745,-1.63
565.933,-1.82
566.114,-1.84
566.298,-1.89
566.484,-1.8
566.671,-2.02
566.857,-1.44
567.047,-1.87
567.231,-1.42
567.42,-1.22
567.602,-1.68
567.781,-1.93
567.969,-1.44
568.161,-1.54
568.346,-1.38
568.532,-1.59
568.716,-1.51
568.905,-1.77
569.093,-1.49
569.285,-1.09
569.474,-1.47
569.656,-1.42
569.845,-1.64
570.034,-1.48
570.228,-1.5
570.419,-1.61
570.612,-1.48
570.807,-1.42
571.001,-1.49
571.194,-1.45
571.39,-1.38
571.585,-1.44
571.78,-1.69
571.977,-1.51
572.178,-1.79
572.378,-1.86
572.583,-1.43
572.79,-1.53
572.991,-1.32
573.193,-2.15
573.392,-1.63
573.608,-1.35
573.814,-1.29
574.016,-1.76
574.217,-1.31
574.428,-1.41
574.631,-1.23
574.837,-1.22
575.04,-1.37
575.244,-0.99
575.452,-1.14
575.654,-1.42
575.861,-1.62
576.076,-1.73
576.297,-1.73
576.523,-2.11
576.749,-1.95
576.981,-1.83
577.214,-1.87
577.447,-2.27
577.684,-1.95
577.932,-1.83
578.166,-1.71
578.402,-1.36
578.645,-0.92
578.883,-1.08
579.114,-1.1
579.352,-1.06
579.592,-1.16
579.836,-1.07
580.084,-1.46
580.335,-2.31
580.598,-3.04
580.878,-2.81
581.193,-3.45
581.507,-4.1
581.846,-4.23
582.213,-4.81
582.592,-5.72
582.999,-6.31
583.449,-7.03
583.928,-6.89
584.446,-5.9
584.984,-5.75
585.485,-6.1
585.99,-5.49
586.521,-6.52
587.034,-6.73
587.62,-6.11
588.205,-5.18
588.778,-4.62
589.314,-4.05
589.83,-3.48
590.337,-3.47
590.816,-4.99
591.301,-5.92
591.862,-5.68
592.474,-5.3
593.083,-5.09
593.666,-4.63
594.256,-4.32
594.821,-3.89
595.401,-4.42
595.959,-5.44
596.546,-6.31
597.19,-6.7
597.892,-6.42
598.667,-5.54
599.4,-5.35
600.096,-4.99
600.791,-5.18
601.487,-4.23
602.124,-4.33
602.788,-4.19
603.474,-4.22
604.15,-3.92
604.834,-3.51
605.507,-3.47
606.161,-3.21
606.819,-2.94
607.474,-2.35
608.079,-2.01
608.674,-1.74
609.269,-1.37
609.854,-1.09
610.425,-1.26
610.985,-1.47
611.541,-1.43
612.13,-1.46
612.717,-1.04
613.31,-1.35
613.878,-1.04
614.466,-1.3
615.06,-0.97
615.672,-1.28
616.273,-1.46
616.895,-1.94
617.533,-2.28
618.205,-1.79
618.904,-2.29
619.576,-2.38
620.278,-1.96
620.95,-1.95
621.644,-2.59
622.342,-2.52
623.054,-2.84
623.796,-2.63
624.562,-2.69
625.316,-2.2
626.073,-3.19
626.8,-4.42
627.597,-5.54
628.49,-7.17
629.486,-8.37
630.645,-8.72
631.964,-8.8
633.312,-8.24
634.676,-8.9
635.956,-8.92
637.31,-8.39
638.664,-8.68
639.948,-8.84
641.262,-8.86
642.589,-8.21
643.907,-7.73
645.119,-7.68
646.222,-7.71
647.328,-7.82
648.431,-7.46
649.522,-7.07
650.556,-7.47
651.553,-7.29
652.589,-7.72
653.588,-7.92
654.607,-7.58
655.611,-6.87
656.55,-6.71
657.42,-7.38
658.255,-7.52
659.093,-8.36
659.97,-8.02
660.865,-8.64
661.743,-8.3
662.653,-8.0
663.513,-7.82
664.289,-8.42
665.075,-8.94
665.887,-9.05
666.722,-9.03
667.546,-8.95
668.348,-8.89
669.129,-8.31
669.852,-7.24
670.509,-7.28
671.102,-7.62
671.706,-8.16
672.29,-8.25
672.908,-7.99
673.52,-7.68
674.132,-7.51
674.722,-7.05
675.293,-6.54
675.849,-5.94
676.364,-5.89
676.871,-6.71
677.33,-7.34
677.788,-6.9
678.267,-5.65
678.78,-4.67
679.269,-5.15
679.721,-5.95
680.122,-6.46
680.542,-7.02
680.987,-7.34
681.449,-6.95
681.935,-6.02
682.433,-5.58
682.912,-5.2
683.371,-5.34
683.792,-5.46
684.198,-5.23
684.61,-4.83
685.025,-4.68
685.431,-4.62
685.823,-4.61
686.211,-4.41
686.589,-4.07
686.965,-3.97
687.342,-3.73
687.708,-3.5
688.07,-3.44
688.435,-3.36
688.786,-3.5
689.136,-3.7
689.486,-3.35
689.836,-3.14
690.193,-3.05
690.54,-3.05
690.88,-2.59
691.219,-2.51
691.562,-2.75
691.888,-2.7
692.21,-2.5
692.539,-2.39
692.871,-2.04
693.188,-1.6
693.514,-1.55
693.83,-1.86
694.129,-1.82
694.439,-2.08
694.761,-2.0
695.072,-1.94
695.392,-1.83
695.713,-1.92
696.03,-1.77
696.351,-1.85
696.673,-2.07
696.992,-1.86
697.31,-1.69
697.637,-1.94
697.97,-1.88
698.299,-1.84
698.634,-1.92
698.974,-2.26
699.317,-2.55
699.665,-2.49
700.027,-2.75
700.404,-2.45
700.784,-2.31
701.177,-2.16
701.564,-1.77
701.952,-2.02
702.339,-2.4
702.719,-2.49
703.114,-2.36
703.529,-2.45
703.956,-2.78
704.384,-3.05
704.825,-3.21
705.287,-3.21
705.77,-3.46
706.27,-3.75
706.78,-3.7
707.312,-3.67
707.87,-3.56
708.436,-3.5
709.011,-4.02
709.591,-3.88
710.178,-4.06
710.806,-4.0
711.436,-4.05
712.087,-4.19
712.743,-4.29
713.41,-3.9
714.092,-4.02
714.808,-4.23
715.479,-5.2
716.162,-5.26
716.86,-5.59
717.625,-6.23
718.378,-6.47
719.147,-6.92
720.001,-7.13
720.764,-7.9
721.643,-8.77
722.534,-8.32
723.478,-7.14
724.233,-5.75
724.982,-5.18
725.802,-5.07
726.535,-6.1
727.213,-5.96
727.948,-6.05
728.662,-5.83
729.369,-5.69
730.05,-5.31
730.709,-5.23
731.331,-5.28
731.946,-4.85
732.602,-4.2
733.241,-3.79
733.803,-3.93
734.327,-3.95
734.843,-4.15
735.336,-3.99
735.855,-3.72
736.355,-4.03
736.837,-4.47
737.354,-4.52
737.809,-4.76
738.294,-5.38
738.799,-5.62
739.277,-6.27
739.778,-7.16
740.294,-8.08
740.867,-8.24
741.465,-8.25
742.086,-8.47
742.707,-8.6
743.325,-8.95
743.934,-8.84
744.545,-8.67
745.171,-8.41
745.782,-8.56
746.375,-8.56
746.947,-8.62
747.52,-8.63
748.091,-8.69
748.642,-8.6
749.203,-8.44
749.766,-8.32
750.322,-8.5
750.878,-8.58
751.428,-8.59
751.99,-8.42
752.561,-8.37
753.139,-8.24
753.716,-7.97
754.3,-7.79
754.886,-7.54
755.475,-7.22
756.06,-6.25
756.643,-5.5
757.22,-5.09
757.758,-5.3
758.265,-5.77
758.757,-6.07
759.282,-6.43
759.838,-7.12
760.417,-7.27
761.022,-7.33
761.692,-6.72
762.387,-5.78
763.083,-5.16
763.761,-4.72
764.399,-4.76
765.016,-5.1
765.628,-5.56
766.238,-6.22
766.88,-6.4
767.558,-6.0
768.299,-5.33
769.072,-4.54
769.831,-3.84
770.559,-3.8
771.249,-3.93
771.907,-4.32
772.553,-4.52
773.239,-4.13
773.957,-3.82
774.703,-3.47
775.442,-2.96
776.159,-2.69
776.861,-2.7
777.536,-2.67
778.201,-2.34
778.873,-2.17
779.549,-2.13
780.209,-2.17
780.863,-2.37
781.519,-2.28
782.18,-1.84
782.856,-2.04
783.528,-1.7
784.173,-1.71
784.83,-1.15
785.47,-1.05
786.105,-1.04
786.706,-0.63
787.298,-0.54
787.885,-1.75
788.442,-2.37
789.019,-2.59
789.635,-3.09
790.282,-3.7
790.937,-4.27
791.618,-5.05
792.331,-5.61
793.079,-5.91
793.876,-6.51
794.708,-7.33
795.556,-8.23
796.449,-8.53
797.408,-8.73
798.443,-8.54
799.501,-8.88
800.589,-8.92
801.662,-8.82
