date,views
20250101,129
20250102,138
20250103,155
20250104,163
20250105,180
20250106,214
20250107,228
20250108,200
20250109,201
20250110,170
20250111,141
20250112,146
20250113,183
20250114,232
20250115,194
20250116,185
20250117,175
20250118,139
20250119,151
20250120,208
20250121,249
20250122,209
20250123,193
20250124,250
20250125,206
20250126,165
20250127,213
20250128,218
20250129,218
20250130,387
20250131,236
20250201,197
20250202,263
20250203,278
20250204,226
20250205,224
20250206,202
20250207,158
20250208,129
20250209,171
20250210,176
20250211,181
20250212,213
20250213,228
20250214,222
20250215,193
20250216,164
20250217,162
20250218,178
20250219,218
20250220,187
20250221,147
20250222,128
20250223,165
20250224,171
20250225,195
20250226,210
20250227,196
20250228,147
20250301,201
20250302,247
20250303,296
20250304,195
20250305,210
20250306,211
20250307,148
20250308,142
20250309,165
20250310,176
20250311,195
20250312,169
20250313,179
20250314,172
20250315,142
20250316,133
20250317,175
20250318,212
20250319,176
20250320,167
20250321,147
20250322,146
20250323,183
20250324,160
20250325,145
20250326,134
20250327,122
20250328,157
20250329,127
20250330,165
20250331,151
20250401,126
20250402,142
20250403,162
20250404,150
20250405,156
20250406,165
20250407,177
20250408,143
20250409,145
20250410,144
20250411,148
20250412,168
20250413,175
20250414,162
20250415,204
20250416,162
20250417,180
20250418,178
20250419,168
20250420,179
20250421,211
20250422,193
20250423,171
20250424,205
20250425,199
20250426,167
20250427,161
20250428,242
20250429,192
20250430,266
20250501,201
20250502,267
20250503,164
20250504,199
20250505,246
20250506,241
20250507,361
20250508,328
20250509,296
20250510,269
20250511,244
20250512,299
20250513,282
20250514,283
20250515,301
20250516,301
20250517,271
20250518,248
20250519,285
20250520,313
20250521,349
20250522,341
20250523,317
20250524,265
20250525,264
20250526,331
20250527,326
20250528,352
20250529,372
20250530,338
20250531,288
20250601,355
20250602,464
20250603,512
20250604,538
20250605,523
20250606,499
20250607,369
20250608,403
20250609,580
20250610,578
20250611,631
20250612,577
20250613,524
20250614,455
20250615,532
20250616,729
20250617,720
20250618,782
20250619,900
20250620,893
20250621,798
20250622,875
20250623,1210
20250624,1233
20250625,1338
20250626,1496
20250627,1460
20250628,1194
20250629,1527
20250630,2049
20250701,2414
20250702,2647
20250703,2895
20250704,3954
20250705,4040
20250706,21212
20250707,52168
20250708,6043
20250709,2446
20250710,1705
20250711,1336
20250712,1073
20250713,1033
20250714,744
20250715,696
20250716,587
20250717,518
20250718,444
20250719,383
20250720,336
20250721,358
20250722,342
20250723,342
20250724,308
20250725,382
20250726,325
20250727,366
20250728,305
20250729,293
20250730,264
20250731,347
20250801,315
20250802,323
20250803,314
20250804,335
20250805,384
20250806,605
20250807,932
20250808,359
20250809,267
20250810,241
20250811,235
20250812,225
20250813,217
20250814,188
20250815,229
20250816,217
20250817,202
20250818,194
20250819,223
20250820,218
20250821,257
20250822,237
20250823,232
20250824,244
20250825,427
20250826,332
20250827,418
20250828,913
20250829,2603
20250830,664
20250831,325
20250901,250
20250902,238
20250903,201
20250904,170
20250905,187
20250906,179
20250907,231
20250908,220
20250909,538
20250910,198
20250911,154
20250912,181
20250913,126
20250914,160
20250915,167
20250916,157
20250917,163
20250918,161
20250919,184
20250920,140
20250921,142
20250922,118
20250923,134
20250924,162
20250925,141
20250926,159
20250927,123
20250928,306
20250929,162
20250930,196
20251001,144
20251002,157
20251003,137
20251004,123
20251005,189
20251006,318
20251007,139
20251008,142
20251009,142
20251010,168
20251011,134
20251012,133
20251013,152
20251014,156
20251015,150
20251016,151
20251017,135
20251018,99
20251019,88
20251020,136
20251021,146
20251022,127
20251023,130
20251024,152
20251025,93
20251026,116
20251027,130
20251028,131
20251029,132
20251030,136
20251031,140
20251101,101
20251102,140
20251103,139
20251104,138
20251105,125
20251106,159
20251107,127
20251108,116
20251109,150
20251110,158
20251111,128
20251112,152
20251113,135
20251114,127
20251115,120
20251116,113
20251117,144
20251118,142
20251119,116
20251120,125
20251121,111
20251122,109
20251123,158
20251124,130
20251125,286
20251126,125
20251127,129
20251128,114
20251129,107
20251130,124
20251201,152
20251202,157
20251203,133
20251204,126
20251205,105
20251206,112
20251207,145
20251208,127
20251209,128
20251210,144
20251211,140
20251212,122
20251213,97
20251214,106
20251215,144
20251216,146
20251217,146
20251218,130
20251219,126
20251220,114
20251221,104
20251222,117
20251223,107
20251224,138
20251225,110
20251226,99
20251227,95
20251228,94
20251229,113
20251230,97
20251231,103
